date,ipod,iphone,ipad,imac,macbook,apple watch,icloud,ios,osx,wwdc
2004-01-04,0.0,0.0,0.0,0.0,0.0,0.0,0.0,0.0,0.0,0.0
2004-01-11,0.0,0.0,0.0,0.0,0.0,0.0,0.0,0.0,0.0,0.0
2004-01-18,0.0,0.0,0.0,0.0,0.0,0.0,0.0,0.0,0.0,0.0
2004-01-25,0.0,0.0,0.0,0.0,0.0,0.0,0.0,0.0,0.0,0.0
2004-02-01,0.0,0.0,0.0,0.0,0.0,0.0,0.0,0.0,0.0,0.0
2004-02-08,0.0,0.0,0.0,0.0,0.0,0.0,0.0,0.0,0.0,0.0
2004-02-15,0.0,0.0,0.0,0.0,0.0,0.0,0.0,0.0,0.0,0.0
2004-02-22,0.0,0.0,0.0,0.0,0.0,0.0,0.0,0.0,0.0,0.0
2004-02-29,0.0,0.0,0.0,0.0,0.0,0.0,0.0,0.0,0.0,0.0
2004-03-07,0.0,0.0,0.0,0.0,0.0,0.0,0.0,0.0,0.0,0.0
2004-03-14,0.0,0.0,0.0,0.0,0.0,0.0,0.0,0.0,0.0,0.0
2004-03-21,0.0,0.0,0.0,0.0,0.0,0.0,0.0,0.0,0.0,0.0
2004-03-28,0.0,0.0,0.0,0.0,0.0,0.0,0.0,0.0,0.0,0.0
2004-04-04,0.0,0.0,0.0,0.0,0.0,0.0,0.0,0.0,0.0,0.0
2004-04-11,0.0,0.0,0.0,0.0,0.0,0.0,0.0,0.0,0.0,0.0
2004-04-18,0.0,0.0,0.0,0.0,0.0,0.0,0.0,0.0,0.0,0.0
2004-04-25,0.0,0.0,0.0,0.0,0.0,0.0,0.0,0.0,0.0,0.0
2004-05-02,0.0,0.0,0.0,0.0,0.0,0.0,0.0,0.0,0.0,0.0
2004-05-09,0.0,0.0,0.0,0.0,0.0,0.0,0.0,0.0,0.0,0.0
2004-05-16,0.0,0.0,0.0,0.0,0.0,0.0,0.0,0.0,0.0,0.0
2004-05-23,0.0,0.0,0.0,0.0,0.0,0.0,0.0,0.0,0.0,0.0
2004-05-30,0.0,0.0,0.0,0.0,0.0,0.0,0.0,0.0,0.0,0.0
2004-06-06,0.0,0.0,0.0,0.0,0.0,0.0,0.0,0.0,0.0,0.0
2004-06-13,0.0,0.0,0.0,0.0,0.0,0.0,0.0,0.0,0.0,0.0
2004-06-20,0.0,0.0,0.0,0.0,0.0,0.0,0.0,0.0,0.0,0.0
2004-06-27,0.0,0.0,0.0,0.0,0.0,0.0,0.0,0.0,0.0,0.0
2004-07-04,0.0,0.0,0.0,0.0,0.0,0.0,0.0,0.0,0.0,0.0
2004-07-11,0.0,0.0,0.0,0.0,0.0,0.0,0.0,0.0,0.0,0.0
2004-07-18,0.0,0.0,0.0,0.0,0.0,0.0,0.0,0.0,0.0,0.0
2004-07-25,0.0,0.0,0.0,0.0,0.0,0.0,0.0,0.0,0.0,0.0
2004-08-01,0.0,0.0,0.0,0.0,0.0,0.0,0.0,0.0,0.0,0.0
2004-08-08,0.0,0.0,0.0,0.0,0.0,0.0,0.0,0.0,0.0,0.0
2004-08-15,0.0,0.0,0.0,0.0,0.0,0.0,0.0,0.0,0.0,0.0
2004-08-22,0.0,0.0,0.0,0.0,0.0,0.0,0.0,0.0,0.0,0.0
2004-08-29,0.0,0.0,0.0,0.0,0.0,0.0,0.0,0.0,0.0,0.0
2004-09-05,0.0,0.0,0.0,0.0,0.0,0.0,0.0,0.0,0.0,0.0
2004-09-12,0.0,0.0,0.0,0.0,0.0,0.0,0.0,0.0,0.0,0.0
2004-09-19,0.0,0.0,0.0,0.0,0.0,0.0,0.0,0.0,0.0,0.0
2004-09-26,0.0,0.0,0.0,0.0,0.0,0.0,0.0,0.0,0.0,0.0
2004-10-03,0.0,0.0,0.0,0.0,0.0,0.0,0.0,0.0,0.0,0.0
2004-10-10,0.0,0.0,0.0,0.0,0.0,0.0,0.0,0.0,0.0,0.0
2004-10-17,0.0,0.0,0.0,0.0,0.0,0.0,0.0,0.0,0.0,0.0
2004-10-24,0.0,0.0,0.0,0.0,0.0,0.0,0.0,0.0,0.0,0.0
2004-10-31,0.0,0.0,0.0,0.0,0.0,0.0,0.0,0.0,0.0,0.0
2004-11-07,0.0,0.0,0.0,0.0,0.0,0.0,0.0,0.0,0.0,0.0
2004-11-14,0.0,0.0,0.0,0.0,0.0,0.0,0.0,0.0,0.0,0.0
2004-11-21,0.0,0.0,0.0,0.0,0.0,0.0,0.0,0.0,0.0,0.0
2004-11-28,0.0,0.0,0.0,0.0,0.0,0.0,0.0,0.0,0.0,0.0
2004-12-05,0.0,0.0,0.0,0.0,0.0,0.0,0.0,0.0,0.0,0.0
2004-12-12,285714.2857142857,0.0,0.0,0.0,0.0,0.0,0.0,0.0,0.0,0.0
2004-12-19,0.0,0.0,0.0,0.0,0.0,0.0,0.0,0.0,0.0,0.0
2004-12-26,0.0,0.0,0.0,0.0,0.0,0.0,0.0,0.0,0.0,0.0
2005-01-02,0.0,0.0,0.0,0.0,0.0,0.0,0.0,0.0,0.0,0.0
2005-01-09,0.0,0.0,0.0,0.0,0.0,0.0,0.0,0.0,0.0,0.0
2005-01-16,0.0,0.0,0.0,0.0,0.0,0.0,0.0,0.0,0.0,0.0
2005-01-23,0.0,0.0,0.0,0.0,0.0,0.0,0.0,0.0,0.0,0.0
2005-01-30,0.0,0.0,0.0,0.0,0.0,0.0,0.0,0.0,0.0,0.0
2005-02-06,0.0,0.0,0.0,0.0,0.0,0.0,0.0,0.0,0.0,0.0
2005-02-13,0.0,0.0,0.0,0.0,0.0,0.0,0.0,0.0,0.0,0.0
2005-02-20,0.0,0.0,0.0,0.0,0.0,0.0,0.0,0.0,0.0,0.0
2005-02-27,0.0,0.0,0.0,0.0,0.0,0.0,0.0,0.0,0.0,0.0
2005-03-06,0.0,0.0,0.0,0.0,0.0,0.0,0.0,0.0,0.0,0.0
2005-03-13,0.0,0.0,0.0,0.0,0.0,0.0,0.0,0.0,0.0,0.0
2005-03-20,0.0,0.0,0.0,0.0,0.0,0.0,0.0,0.0,0.0,0.0
2005-03-27,0.0,0.0,0.0,0.0,0.0,0.0,0.0,0.0,0.0,0.0
2005-04-03,0.0,0.0,0.0,0.0,0.0,0.0,0.0,0.0,0.0,0.0
2005-04-10,0.0,0.0,0.0,0.0,0.0,0.0,0.0,0.0,0.0,0.0
2005-04-17,0.0,0.0,0.0,0.0,0.0,0.0,0.0,0.0,0.0,0.0
2005-04-24,0.0,0.0,0.0,0.0,0.0,0.0,0.0,0.0,0.0,0.0
2005-05-01,0.0,0.0,0.0,0.0,0.0,0.0,0.0,0.0,0.0,0.0
2005-05-08,227684.3289520621,0.0,0.0,0.0,0.0,0.0,0.0,0.0,0.0,0.0
2005-05-15,0.0,0.0,0.0,0.0,0.0,0.0,0.0,0.0,0.0,0.0
2005-05-22,0.0,0.0,0.0,0.0,0.0,0.0,0.0,0.0,0.0,0.0
2005-05-29,0.0,0.0,0.0,0.0,0.0,0.0,0.0,0.0,0.0,0.0
2005-06-05,0.0,0.0,0.0,0.0,0.0,0.0,0.0,0.0,0.0,0.0
2005-06-12,243902.43902439022,0.0,0.0,0.0,0.0,0.0,0.0,0.0,0.0,0.0
2005-06-19,0.0,0.0,0.0,0.0,0.0,0.0,0.0,0.0,0.0,0.0
2005-06-26,0.0,0.0,0.0,0.0,0.0,0.0,0.0,0.0,0.0,0.0
2005-07-03,0.0,0.0,0.0,0.0,0.0,0.0,0.0,0.0,0.0,0.0
2005-07-10,0.0,0.0,0.0,0.0,0.0,0.0,0.0,0.0,0.0,0.0
2005-07-17,0.0,0.0,0.0,0.0,0.0,0.0,0.0,0.0,0.0,0.0
2005-07-24,0.0,0.0,0.0,0.0,0.0,0.0,0.0,0.0,0.0,0.0
2005-07-31,0.0,0.0,0.0,0.0,0.0,0.0,0.0,0.0,0.0,0.0
2005-08-07,0.0,0.0,0.0,0.0,0.0,0.0,0.0,0.0,0.0,0.0
2005-08-14,0.0,0.0,0.0,0.0,0.0,0.0,0.0,0.0,0.0,0.0
2005-08-21,0.0,0.0,0.0,0.0,0.0,0.0,0.0,0.0,0.0,0.0
2005-08-28,0.0,0.0,0.0,0.0,0.0,0.0,0.0,0.0,0.0,0.0
2005-09-04,0.0,0.0,0.0,0.0,0.0,0.0,0.0,0.0,0.0,0.0
2005-09-11,0.0,0.0,0.0,0.0,0.0,0.0,0.0,0.0,0.0,0.0
2005-09-18,0.0,0.0,0.0,0.0,0.0,0.0,0.0,0.0,0.0,0.0
2005-09-25,0.0,0.0,0.0,0.0,0.0,0.0,0.0,0.0,0.0,0.0
2005-10-02,0.0,0.0,0.0,0.0,0.0,0.0,0.0,0.0,0.0,0.0
2005-10-09,0.0,0.0,0.0,0.0,0.0,0.0,0.0,0.0,0.0,0.0
2005-10-16,0.0,0.0,0.0,0.0,0.0,0.0,0.0,0.0,0.0,0.0
2005-10-23,0.0,0.0,0.0,0.0,0.0,0.0,0.0,0.0,0.0,0.0
2005-10-30,0.0,0.0,0.0,0.0,0.0,0.0,0.0,0.0,0.0,0.0
2005-11-06,0.0,0.0,0.0,0.0,0.0,0.0,0.0,0.0,0.0,0.0
2005-11-13,0.0,0.0,0.0,0.0,0.0,0.0,0.0,0.0,0.0,0.0
2005-11-20,0.0,0.0,0.0,0.0,0.0,0.0,0.0,0.0,0.0,0.0
2005-11-27,0.0,0.0,0.0,0.0,0.0,0.0,0.0,0.0,0.0,0.0
2005-12-04,0.0,0.0,0.0,0.0,0.0,0.0,0.0,0.0,0.0,0.0
2005-12-11,0.0,0.0,0.0,0.0,0.0,0.0,0.0,0.0,0.0,0.0
2005-12-18,212765.95744680852,0.0,0.0,0.0,0.0,0.0,0.0,0.0,0.0,0.0
2005-12-25,0.0,0.0,0.0,0.0,0.0,0.0,0.0,0.0,0.0,0.0
2006-01-01,0.0,0.0,0.0,0.0,0.0,0.0,0.0,0.0,0.0,0.0
2006-01-08,0.0,0.0,0.0,0.0,0.0,0.0,0.0,0.0,0.0,0.0
2006-01-15,0.0,0.0,0.0,0.0,0.0,0.0,0.0,0.0,0.0,0.0
2006-01-22,0.0,0.0,0.0,0.0,0.0,0.0,0.0,0.0,0.0,0.0
2006-01-29,0.0,0.0,0.0,0.0,0.0,0.0,0.0,0.0,0.0,0.0
2006-02-05,0.0,0.0,0.0,0.0,0.0,0.0,0.0,0.0,0.0,0.0
2006-02-12,0.0,0.0,0.0,0.0,0.0,0.0,0.0,0.0,0.0,0.0
2006-02-19,0.0,0.0,0.0,0.0,0.0,0.0,0.0,0.0,0.0,0.0
2006-02-26,0.0,0.0,0.0,0.0,0.0,0.0,0.0,0.0,0.0,0.0
2006-03-05,0.0,0.0,0.0,0.0,0.0,0.0,0.0,0.0,0.0,0.0
2006-03-12,0.0,0.0,0.0,0.0,0.0,0.0,0.0,0.0,0.0,0.0
2006-03-19,0.0,0.0,0.0,0.0,0.0,0.0,0.0,0.0,0.0,0.0
2006-03-26,0.0,0.0,0.0,0.0,0.0,0.0,0.0,0.0,0.0,0.0
2006-04-02,0.0,0.0,0.0,0.0,0.0,0.0,0.0,0.0,0.0,0.0
2006-04-09,0.0,0.0,0.0,0.0,0.0,0.0,0.0,0.0,0.0,0.0
2006-04-16,0.0,0.0,0.0,0.0,0.0,0.0,0.0,0.0,0.0,0.0
2006-04-23,149524.03692374227,0.0,0.0,0.0,0.0,0.0,0.0,0.0,0.0,0.0
2006-04-30,0.0,0.0,0.0,0.0,0.0,0.0,0.0,0.0,0.0,0.0
2006-05-07,0.0,0.0,0.0,0.0,0.0,0.0,0.0,0.0,0.0,0.0
2006-05-14,0.0,0.0,0.0,0.0,0.0,0.0,0.0,0.0,0.0,0.0
2006-05-21,0.0,0.0,0.0,0.0,0.0,0.0,0.0,0.0,0.0,0.0
2006-05-28,0.0,0.0,0.0,0.0,0.0,0.0,0.0,0.0,0.0,0.0
2006-06-04,0.0,0.0,0.0,0.0,0.0,0.0,0.0,0.0,0.0,0.0
2006-06-11,0.0,0.0,0.0,0.0,0.0,0.0,0.0,0.0,0.0,0.0
2006-06-18,0.0,0.0,0.0,0.0,0.0,0.0,0.0,0.0,0.0,0.0
2006-06-25,0.0,0.0,0.0,0.0,0.0,0.0,0.0,0.0,0.0,0.0
2006-07-02,0.0,0.0,0.0,0.0,0.0,0.0,0.0,0.0,0.0,0.0
2006-07-09,0.0,0.0,0.0,0.0,0.0,0.0,0.0,0.0,0.0,0.0
2006-07-16,0.0,0.0,0.0,0.0,0.0,0.0,0.0,0.0,0.0,0.0
2006-07-23,0.0,0.0,0.0,0.0,0.0,0.0,0.0,0.0,0.0,0.0
2006-07-30,0.0,0.0,0.0,0.0,0.0,0.0,0.0,0.0,0.0,0.0
2006-08-06,0.0,0.0,0.0,0.0,0.0,0.0,0.0,0.0,0.0,0.0
2006-08-13,0.0,0.0,0.0,0.0,0.0,0.0,0.0,0.0,0.0,0.0
2006-08-20,0.0,0.0,0.0,0.0,0.0,0.0,0.0,0.0,0.0,0.0
2006-08-27,0.0,0.0,0.0,0.0,0.0,0.0,0.0,0.0,0.0,0.0
2006-09-03,0.0,0.0,0.0,0.0,0.0,0.0,0.0,0.0,0.0,0.0
2006-09-10,0.0,0.0,0.0,0.0,0.0,0.0,0.0,0.0,0.0,0.0
2006-09-17,169798.4826083175,0.0,0.0,0.0,0.0,0.0,0.0,0.0,0.0,0.0
2006-09-24,0.0,0.0,0.0,0.0,0.0,0.0,0.0,0.0,0.0,0.0
2006-10-01,0.0,0.0,0.0,0.0,0.0,0.0,0.0,0.0,0.0,0.0
2006-10-08,0.0,0.0,0.0,0.0,0.0,0.0,0.0,0.0,0.0,0.0
2006-10-15,0.0,0.0,0.0,0.0,0.0,0.0,0.0,0.0,0.0,0.0
2006-10-22,0.0,0.0,0.0,0.0,0.0,0.0,0.0,0.0,0.0,0.0
2006-10-29,131578.94736842104,0.0,0.0,0.0,0.0,0.0,0.0,0.0,0.0,0.0
2006-11-05,0.0,0.0,0.0,0.0,0.0,0.0,0.0,0.0,0.0,0.0
2006-11-12,0.0,0.0,0.0,0.0,0.0,0.0,0.0,0.0,0.0,0.0
2006-11-19,0.0,0.0,0.0,0.0,0.0,0.0,0.0,0.0,0.0,0.0
2006-11-26,0.0,0.0,0.0,0.0,0.0,0.0,0.0,0.0,0.0,0.0
2006-12-03,0.0,0.0,0.0,0.0,0.0,0.0,0.0,0.0,0.0,0.0
2006-12-10,0.0,0.0,0.0,0.0,0.0,0.0,0.0,0.0,0.0,0.0
2006-12-17,0.0,0.0,0.0,0.0,0.0,0.0,0.0,0.0,0.0,0.0
2006-12-24,0.0,0.0,0.0,0.0,0.0,0.0,0.0,0.0,0.0,0.0
2006-12-31,0.0,0.0,0.0,0.0,0.0,0.0,0.0,0.0,0.0,0.0
2007-01-07,0.0,0.0,0.0,0.0,0.0,0.0,0.0,0.0,0.0,0.0
2007-01-14,0.0,0.0,0.0,0.0,0.0,0.0,0.0,0.0,0.0,0.0
2007-01-21,0.0,0.0,0.0,0.0,0.0,0.0,0.0,0.0,0.0,0.0
2007-01-28,0.0,0.0,0.0,0.0,0.0,0.0,0.0,0.0,0.0,0.0
2007-02-04,0.0,0.0,0.0,0.0,0.0,0.0,0.0,0.0,0.0,0.0
2007-02-11,0.0,0.0,0.0,0.0,0.0,0.0,0.0,0.0,0.0,0.0
2007-02-18,0.0,0.0,0.0,0.0,0.0,0.0,0.0,0.0,0.0,0.0
2007-02-25,0.0,0.0,0.0,0.0,0.0,0.0,0.0,0.0,0.0,0.0
2007-03-04,0.0,121988.04053257925,0.0,0.0,0.0,0.0,0.0,0.0,0.0,0.0
2007-03-11,0.0,0.0,0.0,0.0,0.0,0.0,0.0,0.0,0.0,0.0
2007-03-18,0.0,0.0,0.0,0.0,0.0,0.0,0.0,0.0,0.0,0.0
2007-03-25,0.0,0.0,0.0,0.0,0.0,0.0,0.0,0.0,0.0,0.0
2007-04-01,0.0,0.0,0.0,0.0,0.0,0.0,0.0,0.0,0.0,0.0
2007-04-08,0.0,0.0,0.0,0.0,0.0,0.0,0.0,0.0,0.0,0.0
2007-04-15,0.0,0.0,0.0,0.0,0.0,0.0,0.0,0.0,0.0,0.0
2007-04-22,0.0,0.0,0.0,0.0,0.0,0.0,0.0,0.0,0.0,0.0
2007-04-29,0.0,0.0,0.0,0.0,0.0,0.0,0.0,0.0,0.0,0.0
2007-05-06,0.0,0.0,0.0,0.0,0.0,0.0,0.0,0.0,0.0,0.0
2007-05-13,0.0,0.0,0.0,0.0,0.0,0.0,0.0,0.0,0.0,0.0
2007-05-20,0.0,0.0,0.0,0.0,0.0,0.0,0.0,0.0,0.0,0.0
2007-05-27,0.0,0.0,0.0,0.0,0.0,0.0,0.0,0.0,0.0,0.0
2007-06-03,0.0,0.0,0.0,0.0,0.0,0.0,0.0,0.0,0.0,0.0
2007-06-10,0.0,0.0,0.0,0.0,0.0,0.0,0.0,0.0,0.0,0.0
2007-06-17,0.0,0.0,0.0,0.0,0.0,0.0,0.0,0.0,0.0,0.0
2007-06-24,0.0,0.0,0.0,0.0,0.0,0.0,0.0,0.0,0.0,0.0
2007-07-01,0.0,0.0,0.0,0.0,0.0,0.0,0.0,0.0,0.0,0.0
2007-07-08,0.0,0.0,0.0,0.0,0.0,0.0,0.0,0.0,0.0,0.0
2007-07-15,0.0,0.0,0.0,0.0,0.0,0.0,0.0,0.0,0.0,0.0
2007-07-22,0.0,0.0,0.0,0.0,0.0,0.0,0.0,0.0,0.0,0.0
2007-07-29,0.0,0.0,0.0,0.0,0.0,0.0,0.0,0.0,0.0,0.0
2007-08-05,80378.1243324076,0.0,0.0,0.0,0.0,0.0,0.0,0.0,0.0,0.0
2007-08-12,0.0,0.0,0.0,0.0,0.0,0.0,0.0,0.0,0.0,0.0
2007-08-19,0.0,0.0,0.0,0.0,0.0,0.0,0.0,0.0,0.0,0.0
2007-08-26,0.0,0.0,0.0,0.0,0.0,0.0,0.0,0.0,0.0,0.0
2007-09-02,0.0,0.0,0.0,0.0,0.0,0.0,0.0,0.0,0.0,0.0
2007-09-09,0.0,0.0,0.0,0.0,0.0,0.0,0.0,0.0,0.0,0.0
2007-09-16,0.0,0.0,0.0,0.0,0.0,0.0,0.0,0.0,0.0,0.0
2007-09-23,0.0,0.0,0.0,0.0,0.0,0.0,0.0,0.0,0.0,0.0
2007-09-30,0.0,0.0,0.0,0.0,0.0,0.0,0.0,0.0,0.0,0.0
2007-10-07,79389.0422513611,0.0,0.0,0.0,0.0,0.0,0.0,0.0,0.0,0.0
2007-10-14,0.0,0.0,0.0,0.0,0.0,0.0,0.0,0.0,0.0,0.0
2007-10-21,0.0,0.0,0.0,0.0,0.0,0.0,0.0,0.0,0.0,0.0
2007-10-28,0.0,0.0,0.0,0.0,0.0,0.0,0.0,0.0,0.0,0.0
2007-11-04,0.0,0.0,0.0,0.0,0.0,0.0,0.0,0.0,0.0,0.0
2007-11-11,0.0,0.0,0.0,0.0,0.0,0.0,0.0,0.0,0.0,0.0
2007-11-18,0.0,0.0,0.0,0.0,0.0,0.0,0.0,0.0,0.0,0.0
2007-11-25,0.0,0.0,0.0,0.0,0.0,0.0,0.0,0.0,0.0,0.0
2007-12-02,0.0,0.0,0.0,0.0,0.0,0.0,0.0,0.0,0.0,0.0
2007-12-09,106030.71720445258,0.0,0.0,0.0,0.0,0.0,0.0,0.0,0.0,0.0
2007-12-16,0.0,0.0,0.0,0.0,0.0,0.0,0.0,0.0,0.0,0.0
2007-12-23,0.0,0.0,0.0,0.0,0.0,0.0,0.0,0.0,0.0,0.0
2007-12-30,0.0,0.0,0.0,0.0,0.0,0.0,0.0,0.0,0.0,0.0
2008-01-06,0.0,91770.81948322474,0.0,0.0,0.0,0.0,0.0,0.0,0.0,0.0
2008-01-13,85187.07194203885,0.0,0.0,0.0,0.0,0.0,0.0,0.0,0.0,0.0
2008-01-20,0.0,0.0,0.0,0.0,0.0,0.0,0.0,0.0,0.0,0.0
2008-01-27,0.0,0.0,0.0,0.0,0.0,0.0,0.0,0.0,0.0,0.0
2008-02-03,0.0,0.0,0.0,0.0,0.0,0.0,0.0,0.0,0.0,0.0
2008-02-10,0.0,0.0,0.0,0.0,0.0,0.0,0.0,0.0,0.0,0.0
2008-02-17,0.0,0.0,0.0,0.0,0.0,0.0,0.0,0.0,0.0,0.0
2008-02-24,0.0,0.0,0.0,0.0,73828.79568310032,0.0,0.0,0.0,0.0,0.0
2008-03-02,0.0,65143.05501450028,0.0,0.0,0.0,0.0,0.0,0.0,0.0,0.0
2008-03-09,0.0,0.0,0.0,0.0,0.0,0.0,0.0,0.0,0.0,0.0
2008-03-16,70443.79805402464,0.0,0.0,0.0,0.0,0.0,0.0,0.0,0.0,0.0
2008-03-23,0.0,0.0,0.0,0.0,0.0,0.0,0.0,0.0,0.0,0.0
2008-03-30,0.0,63713.49887688852,0.0,0.0,0.0,0.0,0.0,0.0,0.0,0.0
2008-04-06,0.0,0.0,0.0,0.0,0.0,0.0,0.0,0.0,0.0,0.0
2008-04-13,0.0,0.0,0.0,0.0,0.0,0.0,0.0,0.0,0.0,0.0
2008-04-20,0.0,0.0,0.0,0.0,0.0,0.0,0.0,0.0,0.0,0.0
2008-04-27,0.0,0.0,0.0,0.0,0.0,0.0,0.0,0.0,0.0,0.0
2008-05-04,0.0,0.0,0.0,0.0,0.0,0.0,0.0,0.0,0.0,0.0
2008-05-11,0.0,0.0,0.0,0.0,60259.15255223794,0.0,0.0,0.0,0.0,0.0
2008-05-18,0.0,56835.33706631533,0.0,0.0,0.0,0.0,0.0,0.0,0.0,0.0
2008-05-25,0.0,56630.04214328718,0.0,0.0,0.0,0.0,0.0,0.0,0.0,0.0
2008-06-01,0.0,0.0,0.0,0.0,0.0,0.0,0.0,0.0,0.0,0.0
2008-06-08,0.0,0.0,0.0,0.0,0.0,0.0,0.0,0.0,0.0,0.0
2008-06-15,0.0,60405.37828617299,0.0,0.0,0.0,0.0,0.0,0.0,0.0,0.0
2008-06-22,61747.03286216974,61747.03286216974,0.0,0.0,0.0,0.0,0.0,0.0,0.0,0.0
2008-06-29,0.0,0.0,0.0,0.0,0.0,0.0,0.0,0.0,0.0,0.0
2008-07-06,0.0,129071.21707963223,0.0,0.0,0.0,0.0,0.0,0.0,0.0,0.0
2008-07-13,0.0,0.0,0.0,0.0,0.0,0.0,0.0,0.0,0.0,0.0
2008-07-20,0.0,60994.020266289626,0.0,0.0,0.0,0.0,0.0,0.0,0.0,0.0
2008-07-27,0.0,0.0,0.0,0.0,0.0,0.0,0.0,0.0,0.0,0.0
2008-08-03,142384.1059602649,0.0,0.0,0.0,0.0,0.0,0.0,0.0,0.0,0.0
2008-08-10,0.0,128243.83748296792,0.0,0.0,0.0,0.0,0.0,0.0,0.0,0.0
2008-08-17,0.0,0.0,0.0,0.0,0.0,0.0,0.0,0.0,0.0,0.0
2008-08-24,0.0,0.0,0.0,0.0,0.0,0.0,0.0,0.0,0.0,0.0
2008-08-31,0.0,0.0,0.0,0.0,0.0,0.0,0.0,0.0,0.0,0.0
2008-09-07,0.0,0.0,0.0,0.0,0.0,0.0,0.0,0.0,0.0,0.0
2008-09-14,0.0,0.0,0.0,0.0,0.0,0.0,0.0,0.0,0.0,0.0
2008-09-21,50776.747835895934,50593.33714324134,0.0,0.0,0.0,0.0,0.0,0.0,0.0,0.0
2008-09-28,0.0,0.0,0.0,0.0,0.0,0.0,0.0,0.0,0.0,0.0
2008-10-05,0.0,0.0,0.0,0.0,0.0,0.0,0.0,0.0,0.0,0.0
2008-10-12,0.0,0.0,0.0,0.0,0.0,0.0,0.0,0.0,0.0,0.0
2008-10-19,0.0,0.0,0.0,0.0,0.0,0.0,0.0,0.0,0.0,0.0
2008-10-26,0.0,0.0,0.0,0.0,0.0,0.0,0.0,0.0,0.0,0.0
2008-11-02,0.0,0.0,0.0,0.0,0.0,0.0,0.0,0.0,0.0,0.0
2008-11-09,0.0,0.0,0.0,0.0,0.0,0.0,0.0,0.0,0.0,0.0
2008-11-16,0.0,71450.13802622499,0.0,0.0,0.0,0.0,0.0,0.0,0.0,0.0
2008-11-23,0.0,0.0,0.0,0.0,0.0,0.0,0.0,0.0,0.0,0.0
2008-11-30,0.0,0.0,0.0,0.0,0.0,0.0,0.0,0.0,0.0,0.0
2008-12-07,0.0,0.0,0.0,0.0,0.0,0.0,0.0,0.0,0.0,0.0
2008-12-14,80669.51067477015,74939.00313698153,0.0,0.0,0.0,0.0,0.0,0.0,0.0,0.0
2008-12-21,0.0,0.0,0.0,0.0,0.0,0.0,0.0,0.0,0.0,0.0
2008-12-28,0.0,0.0,0.0,0.0,0.0,0.0,0.0,0.0,0.0,0.0
2009-01-04,0.0,0.0,0.0,0.0,0.0,0.0,0.0,0.0,0.0,0.0
2009-01-11,0.0,0.0,0.0,0.0,0.0,0.0,0.0,0.0,0.0,0.0
2009-01-18,0.0,0.0,0.0,0.0,0.0,0.0,0.0,0.0,0.0,0.0
2009-01-25,0.0,0.0,0.0,0.0,0.0,0.0,0.0,0.0,0.0,0.0
2009-02-01,0.0,0.0,0.0,0.0,0.0,0.0,0.0,0.0,0.0,0.0
2009-02-08,0.0,0.0,0.0,0.0,0.0,0.0,0.0,0.0,0.0,0.0
2009-02-15,0.0,0.0,0.0,0.0,0.0,0.0,0.0,0.0,0.0,0.0
2009-02-22,0.0,0.0,0.0,0.0,0.0,0.0,0.0,0.0,0.0,0.0
2009-03-01,0.0,56953.642384105966,0.0,0.0,0.0,0.0,0.0,0.0,0.0,0.0
2009-03-08,0.0,0.0,0.0,0.0,0.0,0.0,0.0,0.0,0.0,0.0
2009-03-15,47236.43325695992,47236.43325695992,0.0,0.0,0.0,0.0,0.0,0.0,0.0,0.0
2009-03-22,0.0,0.0,0.0,0.0,0.0,0.0,0.0,0.0,0.0,0.0
2009-03-29,46096.8632427258,0.0,0.0,0.0,0.0,0.0,0.0,0.0,0.0,0.0
2009-04-05,0.0,0.0,0.0,0.0,0.0,0.0,0.0,0.0,0.0,0.0
2009-04-12,49834.437086092716,48795.2162130317,0.0,0.0,49834.437086092716,0.0,0.0,0.0,0.0,0.0
2009-04-19,0.0,0.0,0.0,0.0,0.0,0.0,0.0,0.0,0.0,0.0
2009-04-26,0.0,0.0,0.0,0.0,0.0,0.0,0.0,0.0,0.0,0.0
2009-05-03,115894.03973509936,0.0,0.0,0.0,0.0,0.0,0.0,0.0,0.0,0.0
2009-05-10,48558.34623141504,50851.466414380324,0.0,0.0,0.0,0.0,0.0,0.0,0.0,0.0
2009-05-17,0.0,0.0,0.0,0.0,0.0,0.0,0.0,0.0,0.0,0.0
2009-05-24,45719.66705146121,0.0,0.0,0.0,0.0,0.0,0.0,0.0,0.0,0.0
2009-05-31,0.0,0.0,0.0,0.0,0.0,0.0,0.0,0.0,0.0,0.0
2009-06-07,0.0,0.0,0.0,0.0,0.0,0.0,0.0,0.0,0.0,0.0
2009-06-14,0.0,0.0,0.0,0.0,0.0,0.0,0.0,0.0,0.0,0.0
2009-06-21,0.0,0.0,0.0,0.0,62602.56163345328,0.0,0.0,0.0,0.0,0.0
2009-06-28,0.0,0.0,0.0,0.0,0.0,0.0,0.0,0.0,0.0,0.0
2009-07-05,0.0,0.0,0.0,0.0,0.0,0.0,0.0,0.0,0.0,0.0
2009-07-12,0.0,57488.61680270976,0.0,0.0,0.0,0.0,0.0,0.0,0.0,0.0
2009-07-19,0.0,53779.6737831801,0.0,0.0,0.0,0.0,0.0,0.0,0.0,0.0
2009-07-26,0.0,0.0,0.0,0.0,0.0,0.0,0.0,0.0,0.0,0.0
2009-08-02,0.0,0.0,0.0,0.0,0.0,0.0,0.0,0.0,0.0,0.0
2009-08-09,44101.27175760418,0.0,0.0,0.0,0.0,0.0,0.0,0.0,0.0,0.0
2009-08-16,0.0,0.0,0.0,0.0,40189.0621662038,0.0,0.0,0.0,0.0,0.0
2009-08-23,39381.965841226374,0.0,0.0,0.0,0.0,0.0,0.0,0.0,0.0,0.0
2009-08-30,0.0,41528.697571743935,0.0,0.0,0.0,0.0,0.0,0.0,0.0,0.0
2009-09-06,0.0,0.0,0.0,0.0,0.0,0.0,0.0,0.0,0.0,0.0
2009-09-13,0.0,43038.624614236236,0.0,0.0,0.0,0.0,0.0,0.0,0.0,0.0
2009-09-20,0.0,0.0,0.0,0.0,61523.9964025836,0.0,0.0,0.0,0.0,0.0
2009-09-27,0.0,0.0,0.0,0.0,0.0,0.0,0.0,0.0,0.0,0.0
2009-10-04,0.0,0.0,0.0,0.0,0.0,0.0,0.0,0.0,0.0,0.0
2009-10-11,0.0,0.0,0.0,0.0,0.0,0.0,0.0,0.0,0.0,0.0
2009-10-18,0.0,0.0,0.0,0.0,0.0,0.0,0.0,0.0,0.0,0.0
2009-10-25,0.0,0.0,0.0,0.0,0.0,0.0,0.0,0.0,0.0,0.0
2009-11-01,0.0,0.0,0.0,0.0,0.0,0.0,0.0,0.0,0.0,0.0
2009-11-08,0.0,67134.35787698992,0.0,0.0,0.0,0.0,0.0,0.0,0.0,0.0
2009-11-15,0.0,0.0,0.0,0.0,0.0,0.0,0.0,0.0,0.0,0.0
2009-11-22,0.0,0.0,0.0,0.0,0.0,0.0,0.0,0.0,0.0,0.0
2009-11-29,0.0,0.0,0.0,0.0,0.0,0.0,0.0,0.0,0.0,0.0
2009-12-06,0.0,70189.34800858129,0.0,0.0,0.0,0.0,0.0,0.0,0.0,0.0
2009-12-13,0.0,0.0,0.0,0.0,0.0,0.0,0.0,0.0,0.0,0.0
2009-12-20,0.0,0.0,0.0,0.0,0.0,0.0,0.0,0.0,0.0,0.0
2009-12-27,0.0,76358.92613489694,0.0,0.0,0.0,0.0,0.0,0.0,0.0,0.0
2010-01-03,0.0,0.0,0.0,0.0,0.0,0.0,0.0,0.0,0.0,0.0
2010-01-10,0.0,0.0,0.0,0.0,0.0,0.0,0.0,0.0,0.0,0.0
2010-01-17,0.0,0.0,0.0,0.0,0.0,0.0,0.0,0.0,0.0,0.0
2010-01-24,0.0,48441.214704814556,0.0,0.0,0.0,0.0,0.0,0.0,0.0,0.0
2010-01-31,0.0,56377.910899388684,0.0,0.0,0.0,0.0,0.0,0.0,0.0,0.0
2010-02-07,0.0,0.0,0.0,0.0,0.0,0.0,0.0,0.0,0.0,0.0
2010-02-14,0.0,0.0,0.0,0.0,0.0,0.0,0.0,0.0,0.0,0.0
2010-02-21,0.0,0.0,0.0,0.0,0.0,0.0,0.0,0.0,0.0,0.0
2010-02-28,0.0,46806.9460942361,0.0,0.0,0.0,0.0,0.0,0.0,0.0,0.0
2010-03-07,0.0,0.0,0.0,0.0,0.0,0.0,0.0,0.0,0.0,0.0
2010-03-14,0.0,0.0,0.0,0.0,0.0,0.0,0.0,0.0,0.0,0.0
2010-03-21,0.0,0.0,0.0,0.0,0.0,0.0,0.0,0.0,0.0,0.0
2010-03-28,0.0,0.0,44548.61709460624,0.0,39406.63841135292,0.0,0.0,0.0,0.0,0.0
2010-04-04,0.0,0.0,0.0,0.0,0.0,0.0,0.0,0.0,0.0,0.0
2010-04-11,0.0,0.0,0.0,0.0,0.0,0.0,0.0,0.0,0.0,0.0
2010-04-18,0.0,0.0,0.0,0.0,0.0,0.0,0.0,0.0,0.0,0.0
2010-04-25,0.0,0.0,0.0,0.0,0.0,0.0,0.0,0.0,0.0,0.0
2010-05-02,0.0,0.0,0.0,0.0,0.0,0.0,0.0,0.0,0.0,0.0
2010-05-09,0.0,0.0,0.0,0.0,0.0,0.0,0.0,0.0,0.0,0.0
2010-05-16,0.0,0.0,0.0,0.0,0.0,0.0,0.0,0.0,0.0,0.0
2010-05-23,0.0,0.0,0.0,0.0,0.0,0.0,0.0,0.0,0.0,0.0
2010-05-30,43536.59178197506,43536.59178197506,0.0,0.0,0.0,0.0,0.0,38380.34703535307,0.0,0.0
2010-06-06,0.0,43012.4578844474,41541.16465863454,0.0,0.0,0.0,0.0,0.0,0.0,0.0
2010-06-13,0.0,0.0,0.0,0.0,0.0,0.0,0.0,0.0,0.0,0.0
2010-06-20,0.0,0.0,0.0,0.0,0.0,0.0,0.0,0.0,0.0,0.0
2010-06-27,0.0,46630.32817379345,0.0,0.0,0.0,0.0,0.0,0.0,0.0,0.0
2010-07-04,0.0,43347.30225248822,0.0,0.0,0.0,0.0,0.0,0.0,0.0,0.0
2010-07-11,0.0,0.0,0.0,0.0,0.0,0.0,0.0,0.0,0.0,0.0
2010-07-18,0.0,0.0,0.0,0.0,0.0,0.0,0.0,0.0,0.0,0.0
2010-07-25,0.0,0.0,0.0,0.0,0.0,0.0,0.0,0.0,0.0,0.0
2010-08-01,0.0,0.0,0.0,0.0,0.0,0.0,0.0,0.0,0.0,0.0
2010-08-08,0.0,0.0,0.0,0.0,0.0,0.0,0.0,0.0,0.0,0.0
2010-08-15,0.0,36687.0964308522,0.0,0.0,37201.042977881676,0.0,0.0,0.0,0.0,0.0
2010-08-22,0.0,0.0,0.0,0.0,0.0,0.0,0.0,0.0,0.0,0.0
2010-08-29,0.0,0.0,0.0,0.0,0.0,0.0,0.0,0.0,0.0,0.0
2010-09-05,0.0,0.0,36653.96881644224,0.0,0.0,0.0,0.0,0.0,0.0,0.0
2010-09-12,0.0,0.0,0.0,0.0,0.0,0.0,0.0,0.0,0.0,0.0
2010-09-19,0.0,0.0,0.0,0.0,0.0,0.0,0.0,0.0,0.0,0.0
2010-09-26,0.0,0.0,0.0,0.0,0.0,0.0,0.0,0.0,0.0,0.0
2010-10-03,0.0,40237.460601579834,41890.25007593399,0.0,0.0,0.0,0.0,0.0,0.0,0.0
2010-10-10,0.0,37287.36998445489,0.0,0.0,37622.18686065015,0.0,0.0,0.0,0.0,0.0
2010-10-17,0.0,100458.62646837381,0.0,0.0,0.0,0.0,0.0,0.0,0.0,0.0
2010-10-24,0.0,91466.78456947055,0.0,0.0,0.0,0.0,0.0,0.0,0.0,0.0
2010-10-31,0.0,0.0,0.0,0.0,0.0,0.0,0.0,0.0,0.0,0.0
2010-11-07,0.0,0.0,0.0,0.0,47745.88626407558,0.0,0.0,0.0,0.0,0.0
2010-11-14,37764.69514421322,40897.091103245075,37764.69514421322,0.0,0.0,0.0,0.0,0.0,0.0,0.0
2010-11-21,0.0,0.0,0.0,0.0,0.0,0.0,0.0,0.0,0.0,0.0
2010-11-28,88701.24648170487,68303.699869842,0.0,0.0,0.0,0.0,0.0,0.0,0.0,0.0
2010-12-05,0.0,0.0,0.0,0.0,0.0,0.0,0.0,0.0,0.0,0.0
2010-12-12,0.0,55747.990107216756,0.0,0.0,0.0,0.0,0.0,0.0,0.0,0.0
2010-12-19,0.0,0.0,45985.66925894837,0.0,0.0,0.0,0.0,0.0,0.0,0.0
2010-12-26,0.0,46177.71089954708,0.0,0.0,0.0,0.0,0.0,0.0,0.0,0.0
2011-01-02,0.0,0.0,19136.045140253915,0.0,0.0,0.0,0.0,0.0,0.0,0.0
2011-01-09,0.0,19311.70935638107,20876.33939161464,0.0,0.0,0.0,0.0,0.0,0.0,0.0
2011-01-16,0.0,41808.93057607734,21646.182709743593,0.0,21646.182709743593,0.0,0.0,0.0,0.0,0.0
2011-01-23,0.0,36552.711462241015,0.0,0.0,0.0,0.0,0.0,0.0,0.0,0.0
2011-01-30,0.0,19917.944569245108,59753.83370773531,0.0,0.0,0.0,0.0,0.0,0.0,0.0
2011-02-06,0.0,33210.29375375744,16479.13969929304,0.0,32958.27939858608,0.0,0.0,0.0,0.0,0.0
2011-02-13,16264.077517246802,16827.80814366239,32528.155034493604,0.0,16827.80814366239,0.0,0.0,16827.80814366239,0.0,0.0
2011-02-20,0.0,19481.112565031573,18792.636966462895,0.0,0.0,0.0,0.0,0.0,0.0,0.0
2011-02-27,15105.878057685286,65115.10753143098,0.0,0.0,0.0,0.0,0.0,0.0,0.0,0.0
2011-03-06,0.0,14249.01765854265,21377.82094762668,0.0,0.0,0.0,0.0,0.0,0.0,0.0
2011-03-13,14222.367358163036,15404.648751927854,33598.95700064578,0.0,0.0,0.0,0.0,0.0,0.0,0.0
2011-03-20,0.0,14279.630510943362,0.0,0.0,0.0,0.0,0.0,0.0,0.0,0.0
2011-03-27,0.0,28703.30521958987,0.0,0.0,0.0,0.0,0.0,0.0,0.0,0.0
2011-04-03,0.0,12998.539136991249,0.0,0.0,0.0,0.0,0.0,0.0,0.0,0.0
2011-04-10,0.0,12993.346652593487,13770.551820541834,0.0,0.0,0.0,0.0,0.0,0.0,0.0
2011-04-17,0.0,13358.621458088084,0.0,0.0,0.0,0.0,0.0,0.0,0.0,0.0
2011-04-24,0.0,12771.290443462878,25662.495542013614,0.0,0.0,0.0,0.0,0.0,0.0,0.0
2011-05-01,0.0,20159.767953621147,13305.18697225573,0.0,13305.18697225573,0.0,0.0,0.0,0.0,0.0
2011-05-08,0.0,13691.713767589657,13956.489831037481,0.0,13436.495307375053,0.0,0.0,0.0,0.0,0.0
2011-05-15,0.0,24704.367439153404,24647.415372242987,0.0,0.0,0.0,0.0,0.0,0.0,0.0
2011-05-22,0.0,0.0,12633.784860866876,0.0,0.0,0.0,0.0,0.0,0.0,0.0
2011-05-29,14696.45100028247,20689.778317349384,12998.539136991249,0.0,14696.45100028247,0.0,0.0,0.0,0.0,0.0
2011-06-05,13827.849539628696,34855.3445037409,14054.774970692675,0.0,0.0,0.0,0.0,0.0,0.0,0.0
2011-06-12,0.0,30488.729134024976,15714.787762506769,0.0,0.0,0.0,0.0,0.0,0.0,0.0
2011-06-19,0.0,42495.95283430091,14168.164339249439,0.0,0.0,0.0,0.0,0.0,0.0,0.0
2011-06-26,15602.315364745367,0.0,30423.4458207067,0.0,0.0,0.0,0.0,0.0,0.0,0.0
2011-07-03,15211.72291035335,46447.01402719846,30423.4458207067,0.0,0.0,0.0,0.0,0.0,0.0,0.0
2011-07-10,0.0,23781.610917891107,0.0,0.0,0.0,0.0,0.0,0.0,0.0,0.0
2011-07-17,16003.016882941076,40442.81826040913,0.0,0.0,16179.077765618216,0.0,0.0,0.0,0.0,0.0
2011-07-24,0.0,23866.966636695804,0.0,0.0,15875.60432814059,0.0,0.0,0.0,0.0,0.0
2011-07-31,17756.03243628434,25823.38697141583,16699.96569191338,0.0,17756.03243628434,0.0,0.0,0.0,0.0,0.0
2011-08-07,0.0,21062.2105861067,0.0,0.0,13346.558926468928,0.0,0.0,0.0,0.0,0.0
2011-08-14,0.0,24056.52876817426,34819.13685007784,0.0,12473.612786489748,0.0,0.0,12473.612786489748,0.0,0.0
2011-08-21,0.0,18524.49041391499,12352.142120854089,0.0,12110.303676203639,0.0,0.0,0.0,0.0,0.0
2011-08-28,11715.487095267083,12125.018504485783,11916.858733483534,0.0,23430.974190534165,0.0,0.0,0.0,0.0,0.0
2011-09-04,0.0,23890.640099313034,11945.320049656517,0.0,12293.316298486177,0.0,12293.316298486177,0.0,0.0,0.0
2011-09-11,32969.90163829889,16807.33312463287,10989.967212766296,0.0,0.0,0.0,0.0,0.0,0.0,0.0
2011-09-18,11826.666094984923,24357.581718409954,37656.18954411999,0.0,0.0,0.0,0.0,12178.790859204977,0.0,0.0
2011-09-25,11288.337363339138,32738.845786291862,21825.89719086124,0.0,0.0,0.0,0.0,0.0,0.0,0.0
2011-10-02,12959.59770024909,50947.16474044634,0.0,0.0,0.0,0.0,0.0,0.0,0.0,0.0
2011-10-09,11329.408543263966,23002.08073566451,11504.507669721861,0.0,22658.81708652793,0.0,11684.883172355736,11504.507669721861,0.0,0.0
2011-10-16,0.0,15026.166098323743,10019.457217491596,0.0,19838.747970560238,0.0,0.0,0.0,0.0,0.0
2011-10-23,0.0,15365.818613897698,30737.813199907094,0.0,0.0,0.0,10009.919194851696,0.0,0.0,0.0
2011-10-30,10919.911848929123,38121.56178340659,32575.267342301842,0.0,0.0,0.0,0.0,0.0,0.0,0.0
2011-11-06,0.0,22395.929568703614,22454.683599261913,0.0,0.0,0.0,0.0,0.0,0.0,0.0
2011-11-13,0.0,40810.45743484092,11674.331988375046,0.0,0.0,0.0,0.0,0.0,0.0,0.0
2011-11-20,0.0,37880.95536967463,54539.822308929375,0.0,10907.964461785874,0.0,0.0,0.0,0.0,0.0
2011-11-27,32086.463759459155,21976.54228076874,22581.83356301764,0.0,10695.487919819718,0.0,10695.487919819718,10695.487919819718,0.0,0.0
2011-12-04,12625.765866133781,37869.68713073037,12625.765866133781,0.0,0.0,0.0,0.0,0.0,0.0,0.0
2011-12-11,0.0,27535.01912956983,11026.398043305855,0.0,11026.398043305855,0.0,0.0,0.0,0.0,0.0
2011-12-18,17164.094842478906,22896.957709882434,0.0,0.0,0.0,0.0,0.0,23541.6281418472,0.0,0.0
2011-12-25,0.0,57363.88851051938,17210.549482001294,0.0,0.0,0.0,0.0,11417.494541409378,0.0,0.0
2012-01-01,13152.875353657373,65764.37676828686,39458.62606097212,0.0,13152.875353657373,0.0,0.0,0.0,0.0,0.0
2012-01-08,16950.18426766787,11302.393770120982,0.0,0.0,0.0,0.0,0.0,11137.15427365156,0.0,0.0
2012-01-15,0.0,34153.2023458667,0.0,0.0,22254.19535283993,0.0,0.0,23287.958527868843,0.0,0.0
2012-01-22,0.0,35750.4729516459,23787.58099926531,0.0,11893.790499632654,0.0,0.0,0.0,0.0,0.0
2012-01-29,0.0,40887.51186255237,10224.959629179133,0.0,10672.609870793367,0.0,10672.609870793367,10224.959629179133,0.0,0.0
2012-02-05,9459.088726823804,18918.177453647608,0.0,0.0,0.0,0.0,9958.972284622554,0.0,0.0,0.0
2012-02-12,18445.268445825874,18692.96716296488,9222.634222912937,0.0,0.0,0.0,0.0,0.0,0.0,0.0
2012-02-19,0.0,48722.5584072234,12178.804338945849,0.0,23486.17083173684,0.0,0.0,0.0,0.0,0.0
2012-02-26,9180.21180238436,28585.478703670164,9180.21180238436,0.0,0.0,0.0,0.0,0.0,0.0,0.0
2012-03-04,13895.55684084097,46339.00124938004,13895.55684084097,0.0,9248.27639406098,0.0,9248.27639406098,9282.941823158557,0.0,0.0
2012-03-11,8722.806144398424,21832.706781827157,13098.571129294905,0.0,8722.806144398424,0.0,0.0,0.0,0.0,0.0
2012-03-18,8485.003845167905,42457.146607809045,33940.01538067162,0.0,8485.003845167905,0.0,0.0,0.0,0.0,0.0
2012-03-25,0.0,17382.34818113759,8688.555478308908,0.0,8688.555478308908,0.0,0.0,9154.945164396146,0.0,0.0
2012-04-01,0.0,22331.23553641627,8632.257983729929,0.0,27771.25213947713,0.0,8632.257983729929,0.0,0.0,0.0
2012-04-08,0.0,34247.008327186886,21401.799809048225,0.0,8253.21152158302,0.0,0.0,8253.21152158302,0.0,0.0
2012-04-15,0.0,7983.112183353438,0.0,0.0,0.0,0.0,0.0,0.0,0.0,0.0
2012-04-22,8233.40777986122,32688.12956745013,16466.81555972244,0.0,0.0,0.0,0.0,0.0,0.0,0.0
2012-04-29,0.0,19259.06071068664,19259.06071068664,0.0,9632.73383388627,0.0,0.0,9632.73383388627,0.0,0.0
2012-05-06,8138.677157610032,26260.23744524157,12650.024027217238,0.0,8753.412481747191,0.0,0.0,8753.412481747191,0.0,0.0
2012-05-13,7634.958094255392,19392.619364710044,11636.506653510922,0.0,0.0,0.0,0.0,0.0,0.0,0.0
2012-05-20,7976.730798714468,26918.691334274186,23930.192396143404,0.0,14847.177242103187,0.0,7976.730798714468,7976.730798714468,0.0,0.0
2012-05-27,0.0,20458.54040774504,16369.79161362242,0.0,8198.91407736208,0.0,0.0,0.0,0.0,0.0
2012-06-03,9423.326576627873,18713.647739688233,18582.66336907225,0.0,0.0,0.0,0.0,0.0,0.0,0.0
2012-06-10,9513.243814954474,28422.742146431185,28295.52995044933,0.0,0.0,0.0,0.0,18863.68663363289,0.0,0.0
2012-06-17,0.0,27464.9807217832,18548.61305687868,0.0,9274.30652843934,0.0,0.0,18548.61305687868,0.0,0.0
2012-06-24,0.0,19972.716386586264,19984.75902534815,0.0,0.0,0.0,0.0,9989.368852983604,0.0,0.0
2012-07-01,28621.663688245804,23438.533092282236,23444.186380534116,0.0,0.0,0.0,0.0,19081.1091254972,0.0,0.0
2012-07-08,18989.324889042433,52263.06838780635,23768.439191166122,0.0,9513.243814954474,0.0,0.0,9513.243814954474,0.0,0.0
2012-07-15,9540.5545627486,14012.66937160412,14012.66937160412,0.0,9154.945164396146,0.0,0.0,9540.5545627486,0.0,0.0
2012-07-22,9613.57440191888,43701.710051924056,9812.873541409734,0.0,0.0,0.0,9712.141590909849,9613.57440191888,0.0,0.0
2012-07-29,0.0,26457.30912515401,26824.973734386556,0.0,8941.657911462185,0.0,0.0,0.0,0.0,0.0
2012-08-05,16330.678981281391,13018.898001899403,8681.009559948196,0.0,8165.339490640696,0.0,0.0,0.0,0.0,0.0
2012-08-12,8572.929750164776,17430.074057216567,8862.115127175368,0.0,0.0,0.0,0.0,17145.859500329552,0.0,0.0
2012-08-19,7975.903614457832,32110.727245012127,7975.903614457832,0.0,0.0,0.0,0.0,0.0,0.0,0.0
2012-08-26,0.0,15302.96165475409,7651.480827377045,0.0,8041.007436899112,0.0,0.0,0.0,0.0,0.0
2012-09-02,0.0,28723.51778343275,20517.505039724307,0.0,8336.583315949705,0.0,8079.318896330868,0.0,0.0,0.0
2012-09-09,0.0,56512.19274902781,8073.170392718258,0.0,8073.170392718258,0.0,0.0,0.0,0.0,0.0
2012-09-16,0.0,53944.964838076274,9387.833821160348,0.0,0.0,0.0,0.0,9387.833821160348,0.0,0.0
2012-09-23,9900.575489644776,30970.327343905763,15485.163671952881,0.0,10787.989436964106,0.0,0.0,10787.989436964106,0.0,0.0
2012-09-30,0.0,39741.46463597817,9163.351909267032,0.0,0.0,0.0,0.0,0.0,0.0,0.0
2012-10-07,0.0,25525.902554392247,8594.723722476112,0.0,0.0,0.0,0.0,8421.004412820083,0.0,0.0
2012-10-14,0.0,55592.44150592166,12828.628491399872,0.0,8595.082023421015,0.0,0.0,0.0,0.0,0.0
2012-10-21,9642.049824054437,24271.63692572607,19418.480386549294,0.0,9783.225714893919,0.0,9783.225714893919,9783.225714893919,0.0,0.0
2012-10-28,0.0,24148.088113207556,19311.486227915804,0.0,19340.212450188727,0.0,0.0,0.0,0.0,0.0
2012-11-04,0.0,58029.170533328295,14514.581997533327,0.0,0.0,0.0,9890.75349015108,0.0,0.0,0.0
2012-11-11,0.0,28772.161529126515,23979.691786782554,0.0,9590.720509708837,0.0,0.0,0.0,0.0,0.0
2012-11-18,29939.578132349216,54767.92953669421,39837.77051468845,0.0,9979.85937744974,0.0,0.0,9979.85937744974,0.0,0.0
2012-11-25,0.0,33245.29454524778,9499.473587765428,0.0,9909.523564242103,0.0,0.0,0.0,0.0,0.0
2012-12-02,10385.291164658634,30471.543159531895,15232.710343764385,0.0,0.0,0.0,0.0,19878.26738882828,0.0,0.0
2012-12-09,9817.292558184907,44180.77531007145,24540.272597222916,0.0,0.0,0.0,0.0,19433.087106507883,0.0,0.0
2012-12-16,10884.147945493765,43536.59178197506,21768.29589098753,0.0,10884.147945493765,0.0,0.0,0.0,0.0,0.0
2012-12-23,0.0,32419.550190746002,16206.518158444054,0.0,21189.96709473388,0.0,0.0,0.0,0.0,0.0
2012-12-30,0.0,25850.528479484645,20682.91620326261,0.0,0.0,0.0,0.0,21371.660274538666,0.0,0.0
2013-01-06,0.0,24334.76006369526,9921.897167092275,0.0,19843.79433418455,0.0,0.0,9555.463232239303,0.0,0.0
2013-01-13,18421.169372726465,32361.303467817128,13864.153692347923,0.0,0.0,0.0,0.0,13871.12060375111,0.0,0.0
2013-01-20,0.0,50849.572723716316,9444.972798080298,0.0,9244.743527109407,0.0,0.0,0.0,0.0,0.0
2013-01-27,7756.281841147985,54629.13265318328,7808.364824512519,0.0,11709.605124928345,0.0,0.0,7861.232162693326,0.0,0.0
2013-02-03,8055.559597076524,40277.79798538262,7995.519760142758,0.0,7936.279725105673,0.0,0.0,24166.67879122957,0.0,0.0
2013-02-10,0.0,15206.911890965966,15206.911890965966,0.0,0.0,0.0,0.0,7586.007675066766,0.0,0.0
2013-02-17,8156.912194977785,50271.1753280388,16313.82438995557,0.0,0.0,0.0,8156.912194977785,8156.912194977785,0.0,0.0
2013-02-24,0.0,32412.776693613218,18011.320225993746,0.0,0.0,0.0,7140.947469189572,14406.884834173421,0.0,0.0
2013-03-03,0.0,23734.28039541161,10172.5647182574,0.0,6894.197383868578,0.0,0.0,6783.413759360588,0.0,0.0
2013-03-10,6461.06778772611,28955.455265858323,6434.0068884450775,0.0,0.0,0.0,0.0,6461.06778772611,0.0,0.0
2013-03-17,6815.565579744577,23862.18363488568,13631.131159489154,0.0,20549.11033239206,0.0,0.0,6781.715577469635,0.0,0.0
2013-03-24,6619.710427642886,16093.714173698454,19310.516253035832,0.0,0.0,0.0,0.0,6438.45604718054,0.0,0.0
2013-03-31,6766.452490724644,20466.183358651433,13635.556115143712,0.0,0.0,0.0,0.0,6766.452490724644,0.0,0.0
2013-04-07,0.0,28757.199464105975,14302.370773416247,0.0,7151.185386708124,0.0,0.0,0.0,0.0,0.0
2013-04-14,0.0,32958.88421993675,7324.80980737834,0.0,7324.80980737834,0.0,0.0,0.0,0.0,0.0
2013-04-21,7667.265599665798,33939.26925987447,15080.331594794383,0.0,11313.08975329149,0.0,0.0,11307.407638900084,0.0,0.0
2013-04-28,0.0,22357.75551966963,7450.713604872328,0.0,0.0,0.0,0.0,0.0,0.0,0.0
2013-05-05,9959.880079330873,23238.051863484037,6823.463484581281,0.0,6469.410031480437,0.0,0.0,0.0,0.0,0.0
2013-05-12,0.0,22896.665040290787,13087.32953325555,0.0,0.0,0.0,0.0,0.0,0.0,0.0
2013-05-19,6370.703203282387,6530.953152400056,25482.81281312955,0.0,0.0,0.0,0.0,6530.953152400056,0.0,0.0
2013-05-26,0.0,44995.81635517365,6515.939656732744,0.0,0.0,0.0,0.0,6427.973765024807,0.0,0.0
2013-06-02,0.0,34229.26864914056,0.0,0.0,6223.92977492594,0.0,0.0,0.0,0.0,0.0
2013-06-09,0.0,24746.7532229767,6183.19365974206,0.0,6302.588766517735,0.0,0.0,6068.067892005981,0.0,0.0
2013-06-16,6589.104104661712,25979.15024136901,9744.628509903107,0.0,12806.53819650249,0.0,0.0,0.0,0.0,0.0
2013-06-23,0.0,33012.59658394442,12300.744284165023,0.0,5863.730917942186,0.0,0.0,6150.372142082511,0.0,0.0
2013-06-30,0.0,28417.321825861738,14208.660912930869,0.0,8521.77071028705,0.0,5668.052114685065,14212.94320977021,0.0,0.0
2013-07-07,0.0,38049.44234245796,5854.099708804837,0.0,11940.040232744263,0.0,0.0,11940.040232744263,0.0,0.0
2013-07-14,0.0,20097.986802620595,0.0,0.0,0.0,0.0,0.0,5697.260773533884,0.0,0.0
2013-07-21,0.0,33464.80659361305,22304.26627128638,0.0,5713.575953297726,0.0,0.0,5449.2203038407815,0.0,0.0
2013-07-28,0.0,13307.924257789375,13303.912221534389,0.0,0.0,0.0,0.0,5356.0214531070005,0.0,0.0
2013-08-04,0.0,24749.98016068102,10827.786211521552,0.0,10827.786211521552,0.0,0.0,0.0,0.0,0.0
2013-08-11,5073.982855069973,10007.047586055045,10010.819560267653,0.0,14815.698437313611,0.0,0.0,4938.566145771204,0.0,0.0
2013-08-18,5146.952305476732,18295.541187261275,5309.155728822689,0.0,0.0,0.0,5226.734802044287,5146.952305476732,0.0,0.0
2013-08-25,0.0,26236.922242386307,26232.967921023475,0.0,10236.073686172827,0.0,5118.036843086414,0.0,0.0,0.0
2013-09-01,0.0,23494.162710490556,7834.010711201925,0.0,5086.860984143755,0.0,0.0,5363.389040031093,0.0,0.0
2013-09-08,0.0,47656.71733018822,5131.1398559975405,0.0,10262.279711995081,0.0,0.0,10944.491074556043,0.0,0.0
2013-09-15,0.0,29351.47958775992,11713.753522809116,0.0,0.0,0.0,5856.876761404558,14671.31672582876,0.0,0.0
2013-09-22,0.0,26939.10772343762,0.0,0.0,0.0,0.0,0.0,5353.160330535896,0.0,0.0
2013-09-29,5464.076411539365,33170.60978704684,16576.976846878413,0.0,0.0,0.0,0.0,11055.481921241446,0.0,0.0
2013-10-06,5610.74444007752,41673.73600470839,11221.48888015504,0.0,8334.74720094168,0.0,0.0,8338.93551611803,0.0,0.0
2013-10-13,0.0,20729.112407435634,14801.407567410974,0.0,5954.317373002494,0.0,0.0,11850.946046886651,0.0,0.0
2013-10-20,0.0,21553.69430025605,13477.149845996577,0.0,0.0,0.0,5494.032970813157,5388.423575064013,0.0,0.0
2013-10-27,5759.262148714481,29219.22498788272,5927.453128020102,0.0,5759.262148714481,0.0,0.0,14611.813731321794,0.0,0.0
2013-11-03,0.0,23464.14096578207,14658.457317734239,0.0,5866.035241445517,0.0,0.0,5923.93326274218,0.0,0.0
2013-11-10,0.0,21458.78211988339,30238.733068084483,0.0,0.0,0.0,6130.420640061413,6130.420640061413,0.0,0.0
2013-11-17,6127.704922885646,34169.87961144578,12427.964984072512,0.0,0.0,0.0,0.0,18907.7662995532,0.0,0.0
2013-11-24,5909.8955061953975,36111.890681380035,15050.779208745,0.0,9031.37474521136,0.0,0.0,5909.8955061953975,0.0,0.0
2013-12-01,5997.077282323876,34033.543204002424,6390.713398115203,0.0,0.0,0.0,0.0,0.0,0.0,0.0
2013-12-08,6190.948903240956,9284.090668763754,9284.090668763754,0.0,6139.017608897127,0.0,6139.017608897127,12487.372135530462,0.0,0.0
2013-12-15,0.0,39856.825081457675,0.0,0.0,13142.447395099274,0.0,6571.223697549637,0.0,0.0,0.0
2013-12-22,0.0,33031.68283238466,24037.033827595253,0.0,6006.995082715423,0.0,0.0,0.0,0.0,0.0
2013-12-29,6238.839033432039,48844.645144216745,12212.31165452202,0.0,5979.18624031217,0.0,6106.15582726101,6238.839033432039,0.0,0.0
2014-01-05,0.0,31288.81219791134,15644.40609895567,0.0,6165.577017588277,0.0,0.0,12512.695019755622,0.0,0.0
2014-01-12,6029.552430062092,39058.73934590242,27032.30627116131,0.0,5987.937343612143,0.0,0.0,6029.552430062092,0.0,0.0
2014-01-19,0.0,33890.10108906601,24486.539129537443,0.0,6160.570430848027,0.0,6160.570430848027,0.0,0.0,0.0
2014-01-26,0.0,45113.08457316481,18116.047726013014,0.0,5993.4905136143525,0.0,0.0,12031.969295264742,0.0,0.0
2014-02-02,0.0,36541.77148153052,17994.129573905626,0.0,5908.676968610375,0.0,0.0,0.0,0.0,0.0
2014-02-09,4899.756195706204,29346.01547860801,7341.112805366069,0.0,4885.965937963528,0.0,0.0,0.0,0.0,0.0
2014-02-16,0.0,27430.949705628198,16453.610182025892,0.0,5558.023371471546,0.0,5558.023371471546,5412.861429439953,0.0,0.0
2014-02-23,0.0,35016.36538544427,13465.646250508316,0.0,0.0,0.0,0.0,0.0,0.0,0.0
2014-03-02,0.0,31940.276691336217,5252.157305431445,0.0,5252.157305431445,0.0,5252.157305431445,13308.782878544966,0.0,0.0
2014-03-09,0.0,32116.075325542195,14830.8259244241,0.0,4909.40138506783,0.0,0.0,9818.80277013566,0.0,0.0
2014-03-16,5008.054042360418,27895.827894105074,10143.24253061445,0.0,5071.621265307225,0.0,5136.922561512786,20547.690246051145,0.0,0.0
2014-03-23,0.0,37615.0606143698,7521.50026352451,0.0,0.0,0.0,4990.595686635059,4990.595686635059,0.0,0.0
2014-03-30,0.0,7615.099055092428,12696.93400241039,0.0,7615.099055092428,0.0,0.0,5048.421228596068,0.0,0.0
2014-04-06,5000.45293957786,35751.994835647856,5106.328398116963,0.0,0.0,0.0,0.0,5000.45293957786,0.0,0.0
2014-04-13,5094.619287627452,27660.056545959615,7543.996244247339,0.0,7540.207195405428,0.0,4963.136126595936,0.0,0.0,0.0
2014-04-20,5000.45293957786,34648.829866779524,9895.93558365444,0.0,4900.3012903487515,0.0,0.0,5000.45293957786,0.0,0.0
2014-04-27,5141.670671504976,32696.567473573512,14771.821739078725,0.0,4923.940579692909,0.0,0.0,0.0,0.0,0.0
2014-05-04,0.0,27357.36931770739,4906.986529492293,0.0,9949.837745001796,0.0,0.0,0.0,0.0,0.0
2014-05-11,0.0,32645.057694876396,18647.289926689005,0.0,4601.063424592837,0.0,0.0,4663.579670696628,0.0,0.0
2014-05-18,4430.201652857293,24041.294040184875,4430.201652857293,0.0,4312.971731283109,0.0,0.0,4430.201652857293,0.0,0.0
2014-05-25,0.0,28063.03562412111,18706.340963560822,0.0,0.0,0.0,0.0,7016.6399507252445,0.0,0.0
2014-06-01,4552.9832525048605,27553.659610097802,6891.01071268744,0.0,4633.4898348619745,0.0,0.0,11480.403080855971,0.0,0.0
2014-06-08,4702.541594914686,23736.985095637796,4796.10750695088,0.0,0.0,0.0,4702.541594914686,4748.828467045282,0.0,0.0
2014-06-15,0.0,27577.620592672127,9193.69489422834,0.0,4487.585971416028,0.0,0.0,6893.539125664807,0.0,0.0
2014-06-22,0.0,44489.448146384704,9363.041879450944,0.0,4590.525029208977,0.0,0.0,7026.692944586063,0.0,0.0
2014-06-29,0.0,21022.894160018215,18542.571774085187,0.0,4672.145461454392,0.0,0.0,4709.171117839848,0.0,0.0
2014-07-06,0.0,41925.14424263418,13973.878033316028,0.0,0.0,0.0,0.0,6988.694088001058,0.0,0.0
2014-07-13,4826.271705107804,26148.96961098757,14260.143564567326,0.0,4826.271705107804,0.0,0.0,0.0,0.0,0.0
2014-07-20,0.0,37887.09750741629,11844.849668294284,0.0,4737.225892051391,0.0,0.0,4931.651643092125,0.0,0.0
2014-07-27,4714.510214772132,27564.148203699082,14143.530644316397,0.0,4479.712176469914,0.0,4714.510214772132,4594.024700616515,0.0,0.0
2014-08-03,0.0,20342.654162897037,15819.036492380079,0.0,9160.60937966743,0.0,0.0,0.0,0.0,0.0
2014-08-10,4070.1361136098867,31087.65534821716,16590.497477289762,0.0,4070.1361136098867,0.0,0.0,4224.753852766946,0.0,0.0
2014-08-17,0.0,29591.045189572276,6343.213928987769,0.0,6343.213928987769,0.0,0.0,6340.027985276575,0.0,0.0
2014-08-24,0.0,38383.18516542814,12787.967325901243,0.0,12794.395055142711,0.0,0.0,4264.7983517142375,0.0,0.0
2014-08-31,0.0,42068.14760116316,10518.621507327147,0.0,12469.244469634836,0.0,4156.414823211612,0.0,0.0,0.0
2014-09-07,0.0,88687.31186089161,15134.342434950004,0.0,4325.494811798118,0.0,4362.697491842924,4325.494811798118,0.0,0.0
2014-09-14,4363.912342282516,46518.947422964826,6643.17943105131,0.0,0.0,0.0,11069.74019767143,15506.31580765494,0.0,0.0
2014-09-21,0.0,66873.48916344528,9458.344633094099,0.0,4826.271705107804,0.0,4826.271705107804,4777.192082250856,0.0,0.0
2014-09-28,0.0,34545.82518248039,4936.180684521532,0.0,5028.156617542999,0.0,0.0,4936.180684521532,0.0,0.0
2014-10-05,0.0,44101.63565077852,11022.086004643787,0.0,8836.05280288559,0.0,13254.079204328385,0.0,0.0,0.0
2014-10-12,4286.191676117706,31396.524370948868,4186.834271957508,0.0,0.0,0.0,8572.383352235413,4186.834271957508,0.0,0.0
2014-10-19,0.0,50752.51100520093,22060.38043889238,0.0,4413.4064288271065,0.0,4395.226376650525,4413.4064288271065,0.0,0.0
2014-10-26,9211.360678169744,36898.271350671064,11524.410643197258,0.0,4611.849494427853,0.0,0.0,4618.025870397787,0.0,0.0
2014-11-02,0.0,35917.33610255254,11231.358443976998,0.0,4607.409718971585,0.0,4379.23775876112,9214.81943794317,0.0,0.0
2014-11-09,9631.058278484572,16754.39968571099,19262.116556969144,0.0,4761.767835063404,0.0,0.0,4761.767835063404,0.0,0.0
2014-11-16,0.0,43873.68918760408,11546.257302069398,0.0,4698.132273212938,0.0,0.0,9396.264546425877,0.0,0.0
2014-11-23,4863.921801295871,48650.040038952066,12166.17562456916,0.0,4863.921801295871,0.0,0.0,0.0,0.0,0.0
2014-11-30,0.0,39176.15239569685,7346.681682191997,0.0,9965.937676781052,0.0,4982.968838390526,0.0,0.0,0.0
2014-12-07,0.0,31742.10991153682,7326.517601886134,0.0,4780.020898158999,0.0,4780.020898158999,4883.1184619301375,0.0,0.0
2014-12-14,4934.079831985819,36334.13449046826,14532.193274250196,0.0,0.0,0.0,0.0,7266.096637125098,0.0,0.0
2014-12-21,4778.786904512731,42795.90618358987,4732.402094145082,0.0,0.0,0.0,9464.804188290163,14336.360713538192,0.0,0.0
2014-12-28,0.0,34145.31446421141,7314.227748523221,0.0,4841.118907615071,0.0,4877.376996125786,14635.806479708272,0.0,0.0
2015-01-04,0.0,54878.80538085978,6858.988990573481,0.0,4624.419076494323,0.0,4573.808236427643,9048.438652569463,0.0,0.0
2015-01-11,9185.914930439993,36219.06233195491,11313.339364427515,0.0,4527.382791494364,0.0,4463.748836865567,4527.382791494364,0.0,0.0
2015-01-18,4575.187533259499,36594.604730984414,13725.562599778494,0.0,0.0,0.0,4410.702525864083,14258.080439911146,0.0,0.0
2015-01-25,4372.21472022827,41293.75917582257,10860.573082727447,0.0,4320.443315053197,0.0,0.0,0.0,0.0,0.0
2015-02-01,0.0,32310.686040029723,8077.671510007431,0.0,3941.4870068976024,0.0,3941.4870068976024,6059.775424425317,0.0,0.0
2015-02-08,7673.136400278098,53381.46257319681,15247.331640255949,0.0,7577.594845771236,0.0,0.0,3788.797422885618,0.0,0.0
2015-02-15,0.0,32058.200816125387,6868.628297167262,0.0,13874.692092430922,0.0,0.0,6872.079869175886,0.0,0.0
2015-02-22,0.0,40823.10298805328,13598.912383964358,0.0,11764.037281200273,0.0,3854.2754379858447,5829.779328756803,0.0,0.0
2015-03-01,0.0,32906.89558575076,3655.7095389109477,0.0,3621.017645901209,0.0,3691.01883564022,0.0,0.0,0.0
2015-03-08,0.0,48241.40862781128,9275.795746243697,0.0,5567.714600775159,0.0,3603.4218406196323,7206.843681239265,0.0,0.0
2015-03-15,0.0,21402.512288147187,8919.057494608436,0.0,14297.246312372383,0.0,0.0,7119.798322389483,0.0,0.0
2015-03-22,3785.921675316065,41903.23335131335,7619.291676787177,0.0,3809.6458383935883,0.0,0.0,3785.921675316065,0.0,0.0
2015-03-29,0.0,29663.75695213335,0.0,0.0,11146.261021740595,0.0,0.0,0.0,0.0,0.0
2015-04-05,0.0,28875.25408472921,5414.790390935839,0.0,10835.022782264577,0.0,0.0,0.0,0.0,0.0
2015-04-12,0.0,35677.43857194776,3568.2816539775913,0.0,3525.0542807271495,0.0,0.0,8919.35964298694,0.0,0.0
2015-04-19,0.0,29011.751260070618,11948.436755211771,0.0,3415.5133397284244,0.0,3412.898944392005,3412.898944392005,0.0,0.0
2015-04-26,0.0,24382.020761179574,5625.532906057666,0.0,0.0,0.0,0.0,0.0,0.0,0.0
2015-05-03,3681.5268694941947,34940.976361528854,14692.052451337013,0.0,5514.51684982492,0.0,7363.053738988389,5517.2879638198065,0.0,0.0
2015-05-10,0.0,33699.07258947304,7120.559325094812,0.0,3533.5388359531726,0.0,0.0,0.0,0.0,0.0
2015-05-17,0.0,35352.86991922696,5301.997975677266,0.0,5301.997975677266,0.0,7087.675747394552,0.0,0.0,0.0
2015-05-24,0.0,43769.62855597702,10941.032982628689,0.0,3592.3311539279193,0.0,3592.3311539279193,9116.153329158344,0.0,0.0
2015-05-31,4021.314662425039,46835.22130450613,7580.473871168566,0.0,3902.4449749516284,0.0,4021.314662425039,7807.830752446551,0.0,0.0
2015-06-07,0.0,28373.11715050854,7570.1563696714065,0.0,3732.100117642286,0.0,14928.400470569144,3732.100117642286,0.0,0.0
2015-06-14,4007.9966309593538,29973.14862925122,7991.032390051601,0.0,5997.039385070763,0.0,4007.9966309593538,12023.98989287806,0.0,0.0
2015-06-21,0.0,35521.501474726676,9872.37174632539,0.0,3859.150334413087,0.0,0.0,3947.1639974009627,0.0,0.0
2015-06-28,0.0,37747.87220412788,7475.655455996417,0.0,5663.176366394289,0.0,3737.8277279982085,0.0,0.0,0.0
2015-07-05,3715.6529991706334,25970.096065168847,11146.9589975119,0.0,0.0,0.0,3704.38307257996,7431.305998341267,0.0,0.0
2015-07-12,0.0,43243.620031341066,5407.829123949505,0.0,0.0,0.0,3570.473734594786,12616.457197762658,0.0,0.0
2015-07-19,0.0,46734.89223228442,7990.311265084367,0.0,4134.123819621781,0.0,4063.5042584354237,4063.5042584354237,0.0,0.0
2015-07-26,3602.7098643762483,25267.8061819369,9020.914121782875,0.0,0.0,0.0,0.0,7205.419728752497,0.0,0.0
2015-08-02,0.0,48960.84636545995,9064.395058620474,0.0,5439.1834122101745,0.0,3583.2987120897383,7336.102590602633,0.0,0.0
2015-08-09,0.0,44921.36666092299,12100.224345237024,0.0,6912.1815351397045,0.0,0.0,0.0,0.0,0.0
2015-08-16,3406.225743971175,27309.095784071535,17078.474652453926,0.0,6812.45148794235,0.0,3421.0917745054294,10240.910919026823,0.0,0.0
2015-08-23,0.0,29968.838070629517,10571.454493176849,0.0,3525.589372316079,0.0,0.0,8815.301836733044,0.0,0.0
2015-08-30,0.0,42165.82297298069,14049.979438538867,0.0,0.0,0.0,7057.124041382534,5268.411359090323,0.0,0.0
2015-09-06,0.0,46627.79899088603,5182.023320728667,0.0,3390.0934163610273,0.0,0.0,6780.1868327220545,0.0,0.0
2015-09-13,3733.4968616982906,35612.39079416283,7121.941463921946,0.0,3733.4968616982906,0.0,0.0,23827.38212341793,0.0,0.0
2015-09-20,4080.124177692365,38347.87173244773,10088.983074007987,0.0,4080.124177692365,0.0,0.0,7991.320684819137,0.0,0.0
2015-09-27,0.0,47081.15759285985,10466.568196447515,0.0,7077.059420030507,0.0,13755.123908249338,3538.5297100152534,0.0,0.0
2015-10-04,0.0,56520.99264510525,7065.789659920366,0.0,3633.472131531253,0.0,0.0,5298.011086375858,0.0,0.0
2015-10-11,0.0,29111.070830051605,3425.2873728922223,0.0,3425.2873728922223,0.0,3447.236373843549,3425.2873728922223,0.0,0.0
2015-10-18,0.0,50624.64922888408,12660.931276169209,0.0,5425.72410048491,0.0,0.0,10570.797614729112,0.0,0.0
2015-10-25,0.0,42726.673826014056,8545.850041056958,0.0,3418.8552922769322,0.0,0.0,3403.583628269475,0.0,0.0
2015-11-01,0.0,55246.06389225918,14922.817673085761,0.0,3637.428725503883,0.0,3637.428725503883,5526.549425186557,0.0,0.0
2015-11-08,0.0,33387.55762719631,12518.368286033097,0.0,4196.447294289446,0.0,12454.31162853662,4196.447294289446,0.0,0.0
2015-11-15,0.0,38111.702155950734,7574.539787424941,0.0,13337.659744704992,0.0,0.0,11361.809681137413,0.0,0.0
2015-11-22,0.0,39553.891379768706,3766.631780477436,0.0,3770.1827719039425,0.0,3766.631780477436,3770.1827719039425,0.0,0.0
2015-11-29,3880.164766416893,32642.548929902416,5762.152222664748,0.0,3880.164766416893,0.0,0.0,7603.274763856751,0.0,0.0
2015-12-06,3833.9368233888667,36662.259252873744,9653.473896095831,0.0,5790.92091808581,0.0,3833.9368233888667,3833.9368233888667,0.0,0.0
2015-12-13,0.0,43267.392678263335,11951.961199430309,0.0,0.0,0.0,3884.1535421562776,7967.974132953539,0.0,0.0
2015-12-20,0.0,48057.17952022683,6004.507267234972,0.0,3992.476549308047,0.0,0.0,6007.524607570264,0.0,0.0
2015-12-27,0.0,41714.29458792301,12699.33901156479,0.0,7304.020509302622,0.0,0.0,0.0,0.0,0.0
2016-01-03,0.0,43538.74568565833,7254.852429291229,0.0,5797.308140472779,0.0,2902.466304984362,7256.60354018413,0.0,0.0
2016-01-10,0.0,33306.16693994853,2896.150444769021,0.0,8688.451334307063,0.0,0.0,2861.3643523517017,0.0,0.0
2016-01-17,0.0,35099.92510524802,4386.939182607101,0.0,2894.4628411007093,0.0,2956.044394250338,5912.088788500676,0.0,0.0
2016-01-24,0.0,34319.555006191935,5457.808396577736,0.0,2728.904198288868,0.0,0.0,5492.15583661692,0.0,0.0
2016-01-31,0.0,19659.393628977068,7865.1807274840085,0.0,2621.1997699416397,0.0,2592.2858817719,0.0,0.0,0.0
2016-02-07,0.0,31759.227401789227,5523.851036854655,0.0,2746.8026304303585,0.0,2761.9255184273275,6904.397216050456,0.0,0.0
2016-02-14,0.0,32923.209729751434,2351.505833583823,0.0,3527.6134269720524,0.0,2365.0880209183015,2365.0880209183015,0.0,0.0
2016-02-21,0.0,26307.73484633053,11077.600476207068,0.0,4153.369245735732,0.0,2794.3857164397723,5539.217914013202,0.0,0.0
2016-02-28,0.0,26568.15516519238,8856.560631725146,0.0,3796.2141028761553,0.0,2530.55494692026,2562.481439970879,0.0,0.0
2016-03-06,0.0,17749.49303901415,7607.690487655021,0.0,6338.722207037719,0.0,5002.025239643304,0.0,0.0,0.0
2016-03-13,0.0,30696.64488595743,3836.9841459381137,0.0,2547.955648325682,0.0,2558.2466701095827,2568.627444914118,0.0,0.0
2016-03-20,2532.8342119245485,48730.63940813601,5128.93016586275,0.0,2597.669446081319,0.0,0.0,11544.541711395097,0.0,0.0
2016-03-27,0.0,36180.11485757116,7436.1311520687095,0.0,4989.659878728426,0.0,2495.2062902375515,2478.710384022903,0.0,0.0
2016-04-03,0.0,31148.533374254934,4792.082057577682,0.0,2425.5287806445713,0.0,0.0,2425.5287806445713,0.0,0.0
2016-04-10,0.0,27411.827316381892,3575.5807801801216,0.0,0.0,0.0,2388.4635327180795,3575.5807801801216,0.0,0.0
2016-04-17,0.0,30263.407696115926,5043.394077569321,0.0,5022.399196607228,0.0,7599.129870218514,5044.15488524432,0.0,0.0
2016-04-24,2582.726427842931,29699.40616270665,3874.479193261809,0.0,2589.6642961258094,0.0,2582.726427842931,0.0,0.0,0.0
2016-05-01,2582.9812914906456,22877.430138183794,0.0,0.0,0.0,0.0,5006.287631952085,0.0,0.0,0.0
2016-05-08,0.0,23935.350815086545,5985.101297361983,0.0,2420.2091740267842,0.0,2367.5993596880558,2420.2091740267842,0.0,0.0
2016-05-15,2308.893311309401,27992.997551590084,2332.9843846420235,0.0,4715.196990452046,0.0,2357.598495226023,4715.196990452046,0.0,0.0
2016-05-22,0.0,24171.09265800456,4603.521612075855,0.0,4603.521612075855,0.0,0.0,2277.141289050747,0.0,0.0
2016-05-29,0.0,32540.15930488021,0.0,0.0,4647.893040983645,0.0,0.0,2286.1909640120743,0.0,0.0
2016-06-05,0.0,33281.64835264538,4806.2677092563035,0.0,2403.1338546281518,0.0,2352.023720751432,2377.311820746395,0.0,0.0
2016-06-12,0.0,33692.46788548796,8734.777568936384,0.0,2473.4695993381442,0.0,2495.54319064243,2473.4695993381442,0.0,0.0
2016-06-19,0.0,30474.248228439752,4876.90937619848,0.0,6095.585116865179,0.0,4861.123120216733,2430.5615601083664,0.0,0.0
2016-06-26,2413.271905474734,35176.5832065578,4852.72480584777,0.0,9653.087621898936,0.0,2438.848177750441,4826.543810949468,0.0,0.0
2016-07-03,2447.2011013511624,42304.520065141856,6044.753009256191,0.0,7341.603304053486,0.0,0.0,4835.656557410761,0.0,0.0
2016-07-10,0.0,49080.82641653014,3776.2659514102943,0.0,2517.2575163734423,0.0,0.0,3776.2659514102943,0.0,0.0
2016-07-17,0.0,47808.14899894238,8196.9776453069,0.0,4098.076789998112,0.0,2734.7137990508886,10915.374987107089,0.0,0.0
2016-07-24,2702.8585767440104,29292.636236307597,5327.029341605345,0.0,6657.380810418261,0.0,2624.4964380817987,8108.575730232033,0.0,0.0
2016-07-31,2513.574210076909,32880.222739373654,6322.73827221695,0.0,2513.574210076909,0.0,0.0,5027.148420153818,0.0,0.0
2016-08-07,2554.8669407449347,34871.49147609135,5165.973733889387,0.0,3874.0907096377127,0.0,3874.0907096377127,5166.7529154480435,0.0,0.0
2016-08-14,0.0,21591.63916107408,2540.1477684349693,0.0,0.0,0.0,5051.741945886581,7577.612918829871,0.0,0.0
2016-08-21,0.0,26151.89578121338,6225.7831535693285,0.0,2490.764078455506,0.0,0.0,2513.1940797290204,0.0,0.0
2016-08-28,2550.2097477599414,48455.523795522,2550.2097477599414,0.0,3825.69926866069,0.0,0.0,7649.859949238267,0.0,0.0
2016-09-04,0.0,65671.33854177651,2450.7964016959486,0.0,3647.918568504634,0.0,2432.1902764667866,7296.57082940036,0.0,0.0
2016-09-11,0.0,41720.30851093491,3681.573848369786,0.0,2454.135794760877,0.0,7383.0199800243745,9817.28349150045,0.0,0.0
2016-09-18,0.0,31208.745091596928,3745.380793969581,0.0,4994.092106336677,0.0,2519.3304618019074,11235.389238777041,0.0,0.0
2016-09-25,0.0,28962.04814067344,2366.2062658454497,0.0,3620.8020866702445,0.0,3620.8020866702445,4826.522628702403,0.0,0.0
2016-10-02,0.0,44492.87645322986,3926.1671268704677,0.0,5234.363171355561,0.0,0.0,5266.9357915961855,0.0,0.0
2016-10-09,0.0,43118.322138455515,2911.884856148724,0.0,0.0,0.0,2911.884856148724,0.0,0.0,0.0
2016-10-16,0.0,29767.93312232899,5176.047336793591,0.0,0.0,0.0,0.0,5109.266209559088,0.0,0.0
2016-10-23,0.0,40080.90906488788,2634.6545155373133,0.0,3878.29440819365,0.0,2538.676402463915,2585.789614473441,0.0,0.0
2016-10-30,0.0,34095.678346542656,4090.9219030143117,0.0,4091.7446950302037,0.0,0.0,0.0,0.0,0.0
2016-11-06,0.0,33854.33815930903,2708.5104621240366,0.0,10800.677856413711,0.0,0.0,2700.169464103428,0.0,0.0
2016-11-13,0.0,45658.24145517741,8057.241402489516,0.0,2686.017221364918,0.0,5372.034442729836,5315.859027452307,0.0,0.0
2016-11-20,0.0,31140.933108807236,0.0,0.0,8106.683993946748,0.0,2708.1558607438806,2714.1133896260553,0.0,0.0
2016-11-27,2430.844273718482,31019.09385105696,7445.6006236753665,0.0,3722.8003118376832,0.0,2481.617340386471,4963.234680772942,0.0,0.0
2016-12-04,0.0,30300.714327249403,6587.250035259758,0.0,0.0,0.0,0.0,2613.3296356465407,0.0,0.0
2016-12-11,2499.395375010599,37785.46533142077,2519.0310220947176,0.0,10155.862031842393,0.0,2499.395375010599,2499.395375010599,0.0,0.0
2016-12-18,0.0,35271.43392679846,6298.850342281958,0.0,0.0,0.0,2512.3123756340997,3778.7022082318886,0.0,0.0
2016-12-25,0.0,44639.587138240386,3939.0433635301633,0.0,2615.37823478606,0.0,0.0,5252.321846685806,0.0,0.0
2017-01-01,0.0,34571.69429632125,5122.247545915123,0.0,5068.9514635828355,0.0,2588.3547339085862,7682.598732515833,0.0,0.0
2017-01-08,2541.457492565199,47887.03235544411,2588.6359705547134,0.0,0.0,0.0,2637.6292883118635,0.0,0.0,0.0
2017-01-15,5074.181612133355,38169.62869412673,2544.5395684644177,0.0,8905.504697835348,0.0,2552.027665610977,6361.7327129511605,0.0,0.0
2017-01-22,0.0,38550.20847692394,2595.2522435139012,0.0,5090.755699115531,0.0,3854.7107341980904,2595.2522435139012,0.0,0.0
2017-01-29,0.0,26647.438581730425,4845.45384143073,0.0,3633.9076992060054,0.0,2419.467208536773,2419.467208536773,0.0,0.0
2017-02-05,0.0,29553.32572134711,5910.522515830334,0.0,4728.13275578609,0.0,0.0,4762.549288422434,0.0,0.0
2017-02-12,0.0,29768.94040034921,2289.865357043754,0.0,3434.4526561754287,0.0,2257.630846646829,6868.9053123508575,0.0,0.0
2017-02-19,2519.1144757272755,36969.013705174846,0.0,0.0,3824.274636778656,0.0,2549.7728119310627,2581.2057751856046,0.0,0.0
2017-02-26,0.0,23776.89447893178,2371.8881433521115,0.0,5945.478848105991,0.0,2377.7611752287803,4743.776286704223,0.0,0.0
2017-03-05,0.0,20015.847876866665,4447.146252036102,0.0,6558.66300440088,0.0,4525.788663312456,4525.788663312456,0.0,0.0
2017-03-12,0.0,35297.97898293415,7720.143550036181,0.0,2224.233889894723,0.0,0.0,2206.040502402374,0.0,0.0
2017-03-19,0.0,20550.293692709336,4325.79375361902,0.0,4327.098865627957,0.0,0.0,0.0,0.0,0.0
2017-03-26,0.0,16853.147840866342,6362.456764563835,0.0,4241.637843042557,0.0,2093.118443184823,6362.456764563835,0.0,0.0
2017-04-02,0.0,25659.459864489363,4277.00664525235,0.0,2139.516857022035,0.0,4279.03371404407,5345.129553492116,0.0,0.0
2017-04-09,0.0,29056.095565088624,8566.692604586542,0.0,2152.0869763002165,0.0,2141.6731511466355,3228.455062787625,0.0,0.0
2017-04-16,0.0,18339.116387213988,0.0,0.0,3235.8169799222096,0.0,2199.698816918073,3235.8169799222096,0.0,0.0
2017-04-23,0.0,32266.74916374969,4302.70906559463,0.0,2144.6210891133946,0.0,0.0,2157.481421586908,0.0,0.0
2017-04-30,0.0,23271.11091716186,4449.840460711353,0.0,4433.070082211505,0.0,4449.840460711353,5541.504737060951,0.0,0.0
2017-05-07,4069.651326090004,26785.108580643282,3090.8284985042474,0.0,4069.651326090004,0.0,3090.8284985042474,2086.4968990297907,0.0,0.0
2017-05-14,2211.2100084599883,26225.32728720044,2211.2100084599883,0.0,6633.6300253799645,0.0,2211.2100084599883,3278.9076706284804,0.0,0.0
2017-05-21,0.0,21355.175082317983,2212.432644498905,0.0,3372.4765222091883,0.0,2284.9415039053024,6637.297933496716,0.0,0.0
2017-05-28,2513.5488633494833,28506.465973426835,0.0,0.0,3718.0071042175764,0.0,3718.754893257041,2445.2135674571336,0.0,0.0
2017-06-04,0.0,38945.78236656695,2781.901539467979,0.0,2781.0648803907343,0.0,2782.7392074798963,8348.217622439688,0.0,0.0
2017-06-11,0.0,31344.193249220552,0.0,0.0,2725.474782844563,0.0,5420.553752789739,8177.246512872405,0.0,0.0
2017-06-18,0.0,21652.01265891762,5414.227918443426,0.0,8120.117123951119,0.0,2648.090536150223,2706.705707983706,0.0,0.0
2017-06-25,0.0,33500.02352821575,5585.408763686525,0.0,5580.985459860766,0.0,0.0,2790.492729930383,0.0,0.0
2017-07-02,0.0,34755.75282569744,5346.914823518982,0.0,2715.4239024759227,0.0,2632.7441689460197,2673.457411759491,0.0,0.0
2017-07-09,0.0,41233.597033456936,3990.865846273551,0.0,3990.063339568087,0.0,5329.633921472979,2664.8169607364894,0.0,0.0
2017-07-16,0.0,28015.33226210736,2678.9631982125857,0.0,2668.01190637151,0.0,2657.143256651672,8004.0357191145295,0.0,0.0
2017-07-23,0.0,43980.4975043532,0.0,0.0,2572.359934342393,0.0,2572.359934342393,7717.07980302718,0.0,0.0
2017-07-30,0.0,34640.947191650936,2565.910084915826,0.0,5131.820169831652,0.0,0.0,2616.061815087886,0.0,0.0
2017-08-06,0.0,25976.729490322567,7006.754308931972,0.0,4721.940873953831,0.0,5904.384960658214,2335.584769643991,0.0,0.0
2017-08-13,0.0,26376.98584553503,5024.151700276987,0.0,3767.1666798035258,0.0,0.0,2506.6767780306873,0.0,0.0
2017-08-20,0.0,17840.37120042003,2557.371630585229,0.0,7645.543893311092,0.0,5114.743261170458,2539.7240559569277,0.0,0.0
2017-08-27,0.0,28502.527152940387,5101.924812898698,0.0,5181.496023497651,0.0,5101.924812898698,2632.575619286232,0.0,0.0
2017-09-03,0.0,32679.431092358125,0.0,0.0,3921.4686342425202,0.0,2574.3447799707437,2574.3447799707437,0.0,0.0
2017-09-10,2654.682565886686,66955.49954486622,5355.115119902974,0.0,4016.5382978062435,0.0,0.0,5355.922951419026,0.0,0.0
2017-09-17,0.0,52326.39032101249,2746.114178151946,0.0,0.0,0.0,5523.759660334576,6884.526666088187,0.0,0.0
2017-09-24,0.0,35224.419922922236,0.0,0.0,4064.0417658321194,0.0,0.0,5419.267278251599,0.0,0.0
2017-10-01,2730.237999052442,34051.60937141723,2724.2931112887204,0.0,4086.0287629947265,0.0,2718.3704919817433,4086.0287629947265,0.0,0.0
2017-10-08,0.0,37283.82247972304,2663.130177123075,0.0,2703.6576600303533,0.0,2623.7763688543155,3995.096944444359,0.0,0.0
2017-10-15,0.0,39522.56366379653,4088.4276493091775,0.0,4088.4276493091775,0.0,2789.5909990318432,5330.004474571658,0.0,0.0
2017-10-22,0.0,40337.897360781026,5540.577085262249,0.0,5587.212500820165,0.0,5540.577085262249,5563.790037072027,0.0,0.0
2017-10-29,2811.488267597569,45438.11888899126,5736.584375641786,0.0,0.0,0.0,0.0,2839.614744405807,0.0,0.0
2017-11-05,0.0,42549.97663295535,5685.346495044733,0.0,7336.294448179531,0.0,2842.6732475223666,4401.599613412409,0.0,0.0
2017-11-12,0.0,36982.71170604694,2739.490733498963,0.0,8214.832200514627,0.0,2739.490733498963,5476.554800343085,0.0,0.0
2017-11-19,0.0,53913.32203502753,2722.9591617293518,0.0,4147.948550832989,0.0,5445.9183234587035,5616.752247208896,0.0,0.0
2017-11-26,0.0,45242.05154311372,4112.387434365553,0.0,2776.567343421166,0.0,0.0,5553.134686842332,0.0,0.0
2017-12-03,0.0,45929.88238445798,9740.819464764758,0.0,5567.741907667883,0.0,5567.741907667883,6959.047644510846,0.0,0.0
2017-12-10,0.0,51247.14290323438,4045.4202510896457,0.0,0.0,0.0,5395.249735513966,5387.34718005387,0.0,0.0
2017-12-17,0.0,46930.73864082787,10702.728728528073,0.0,4022.935209791378,0.0,0.0,8045.061464181632,0.0,0.0
2017-12-24,2703.0448974145406,50005.92290308945,13515.224487072703,0.0,2697.300944713209,0.0,0.0,5405.274396669982,0.0,0.0
2017-12-31,0.0,58811.82469004544,4200.422213013086,0.0,2776.4362009781557,0.0,2825.1279006262753,8329.308602934469,0.0,0.0
2018-01-07,0.0,43562.71892265486,4215.200032761948,0.0,5659.628218561636,0.0,2829.814109280818,7026.463771426193,0.0,0.0
2018-01-14,0.0,34068.98233507741,2552.9131806576975,0.0,2523.769305939253,0.0,0.0,8832.811911766883,0.0,0.0
2018-01-21,2566.4237191092952,47986.15312289992,3890.2827916166643,0.0,3890.2827916166643,0.0,2566.4237191092952,6484.065465431878,0.0,0.0
2018-01-28,0.0,37284.053829628225,2424.0863416144953,0.0,3607.5959062160464,0.0,2405.305798291672,4848.1726832289905,0.0,0.0
2018-02-04,0.0,30891.834506372772,4942.484757143945,0.0,4998.061878384576,0.0,4943.230342414295,3707.0499641755464,0.0,0.0
2018-02-11,0.0,42646.931832711554,8253.173948008789,0.0,8197.881370575835,0.0,8197.881370575835,2751.334637736237,0.0,0.0
2018-02-18,0.0,45598.52973900824,2849.961841000251,0.0,0.0,0.0,2922.4039707382976,13905.324401953672,0.0,0.0
2018-02-25,2495.6587111188996,28536.210917297438,4962.754200395614,0.0,6204.565545562481,0.0,2481.377100197807,2495.6587111188996,0.0,0.0
2018-03-04,2517.248581388348,30108.568320133232,5034.497162776696,0.0,2517.248581388348,0.0,2508.9212201810287,2508.9212201810287,0.0,0.0
2018-03-11,0.0,48981.293421507384,2443.894194172802,0.0,4898.277103149325,0.0,4908.804563279183,4908.804563279183,0.0,0.0
2018-03-18,0.0,33679.12678003639,2466.7031929558725,0.0,2494.889503370294,0.0,2494.889503370294,4933.406385911745,0.0,0.0
2018-03-25,0.0,33135.343272513244,9466.42503971917,0.0,3550.2663440817073,0.0,2356.1799681088164,7099.818779789378,0.0,0.0
2018-04-01,0.0,46801.711820501965,2233.9265698002787,0.0,4668.73253619509,0.0,4566.742956306907,3424.885043238463,0.0,0.0
2018-04-08,0.0,22564.766255625385,4512.953251125077,0.0,8975.02877009315,0.0,2243.7571925232874,5640.170533759033,0.0,0.0
2018-04-15,0.0,36047.36754190861,4971.79211156343,0.0,0.0,0.0,2491.880739451343,4959.887266861374,0.0,0.0
2018-04-22,0.0,37619.18602486759,2490.3813083676077,0.0,2525.565840764524,0.0,0.0,12451.906541838041,0.0,0.0
2018-04-29,0.0,23203.879830522623,3663.8092831578797,0.0,4960.415258900518,0.0,0.0,4884.833414733223,0.0,0.0
2018-05-06,0.0,37174.04492891609,2398.16212469071,0.0,4796.32424938142,0.0,3597.6049007803617,5995.043597982478,0.0,0.0
2018-05-13,0.0,34664.620403680165,2362.8546988966605,0.0,3586.3184918761226,0.0,4725.709397793321,0.0,0.0,0.0
2018-05-20,0.0,38307.82974812642,4644.031208816159,0.0,4642.630505691799,0.0,4688.576866074575,3482.8483187215743,0.0,0.0
2018-05-27,0.0,38946.81809896016,7537.262502696608,0.0,5007.539203860072,0.0,2512.6734911946155,5026.104953276468,0.0,0.0
2018-06-03,0.0,43201.408192339666,0.0,0.0,2400.0380110540464,0.0,0.0,3600.4190132644862,0.0,0.0
2018-06-10,0.0,34034.35148236997,3293.604180200543,0.0,4391.913860565084,0.0,2175.920351126758,2195.956930282542,0.0,0.0
2018-06-17,0.0,26200.73087177424,2278.533614206344,0.0,0.0,0.0,0.0,6998.98784441876,0.0,0.0
2018-06-24,2139.357784759526,29035.288551572354,2150.6900287898816,0.0,2162.149915310912,0.0,4301.380057579763,3226.359430821141,0.0,0.0
2018-07-01,3185.106312851512,31848.5012091,3184.4658329977315,0.0,5308.937507988373,0.0,0.0,3185.106312851512,0.0,0.0
2018-07-08,0.0,26227.34313208763,5463.288151612753,0.0,7649.394524334834,0.0,0.0,3278.500299018972,0.0,0.0
2018-07-15,0.0,39647.95544690954,3604.8208724126284,0.0,4805.219699019368,0.0,2378.313561557859,4805.219699019368,0.0,0.0
2018-07-22,0.0,45631.302011119566,2338.8489214056203,0.0,9358.800871954763,0.0,2341.612908047731,2340.229681717586,0.0,0.0
2018-07-29,0.0,42878.2530356984,4513.285350013976,0.0,6771.289498731377,0.0,0.0,3384.6236440828798,0.0,0.0
2018-08-05,0.0,31477.30341923576,4404.196314031397,0.0,3372.0111305117143,0.0,3372.689330658639,3372.689330658639,0.0,0.0
2018-08-12,0.0,25132.302697243846,6283.833858898183,0.0,5026.005628696435,0.0,0.0,2509.79250364249,0.0,0.0
